-11,-3,V8xv1T9d2KECYmuxbuJGNo1+J2o=,nzd+Bk3pBjidAgfU7hHSm8g/GPE=
-10,-3,V8xv1T9d2KECYmuxbuJGNo1+J2o=,nzd+Bk3pBjidAgfU7hHSm8g/GPE=
-11,-2,V8xv1T9d2KECYmuxbuJGNo1+J2o=,nzd+Bk3pBjidAgfU7hHSm8g/GPE=
-10,-2,V8xv1T9d2KECYmuxbuJGNo1+J2o=,nzd+Bk3pBjidAgfU7hHSm8g/GPE=
-13,-2,V8xv1T9d2KECYmuxbuJGNo1+J2o=,p1kUe0JAKnUM/VtLiwczfBezznM=
-12,-3,V8xv1T9d2KECYmuxbuJGNo1+J2o=,nzd+Bk3pBjidAgfU7hHSm8g/GPE=
-15,-3,V8xv1T9d2KECYmuxbuJGNo1+J2o=,p1kUe0JAKnUM/VtLiwczfBezznM=
-14,-3,V8xv1T9d2KECYmuxbuJGNo1+J2o=,p1kUe0JAKnUM/VtLiwczfBezznM=
-13,-3,V8xv1T9d2KECYmuxbuJGNo1+J2o=,p1kUe0JAKnUM/VtLiwczfBezznM=
-15,-2,V8xv1T9d2KECYmuxbuJGNo1+J2o=,p1kUe0JAKnUM/VtLiwczfBezznM=
-12,-2,V8xv1T9d2KECYmuxbuJGNo1+J2o=,nzd+Bk3pBjidAgfU7hHSm8g/GPE=
-14,-2,V8xv1T9d2KECYmuxbuJGNo1+J2o=,p1kUe0JAKnUM/VtLiwczfBezznM=
-11,-4,V8xv1T9d2KECYmuxbuJGNo1+J2o=,nzd+Bk3pBjidAgfU7hHSm8g/GPE=
-11,-7,V8xv1T9d2KECYmuxbuJGNo1+J2o=,uqe1Id9mskWMnaAjWn1j6NfBRBQ=
-10,-4,V8xv1T9d2KECYmuxbuJGNo1+J2o=,nzd+Bk3pBjidAgfU7hHSm8g/GPE=
-11,-5,V8xv1T9d2KECYmuxbuJGNo1+J2o=,uqe1Id9mskWMnaAjWn1j6NfBRBQ=
-10,-5,V8xv1T9d2KECYmuxbuJGNo1+J2o=,uqe1Id9mskWMnaAjWn1j6NfBRBQ=
-10,-7,V8xv1T9d2KECYmuxbuJGNo1+J2o=,uqe1Id9mskWMnaAjWn1j6NfBRBQ=
-11,-6,V8xv1T9d2KECYmuxbuJGNo1+J2o=,uqe1Id9mskWMnaAjWn1j6NfBRBQ=
-10,-6,V8xv1T9d2KECYmuxbuJGNo1+J2o=,uqe1Id9mskWMnaAjWn1j6NfBRBQ=
-12,-5,V8xv1T9d2KECYmuxbuJGNo1+J2o=,uqe1Id9mskWMnaAjWn1j6NfBRBQ=
-12,-4,V8xv1T9d2KECYmuxbuJGNo1+J2o=,nzd+Bk3pBjidAgfU7hHSm8g/GPE=
-15,-4,7be7DRhQlLUPGHWVgDspxOXv9+I=,p1kUe0JAKnUM/VtLiwczfBezznM=
-12,-7,7be7DRhQlLUPGHWVgDspxOXv9+I=,uqe1Id9mskWMnaAjWn1j6NfBRBQ=
-14,-4,7be7DRhQlLUPGHWVgDspxOXv9+I=,p1kUe0JAKnUM/VtLiwczfBezznM=
-13,-4,7be7DRhQlLUPGHWVgDspxOXv9+I=,p1kUe0JAKnUM/VtLiwczfBezznM=
-12,-6,7be7DRhQlLUPGHWVgDspxOXv9+I=,uqe1Id9mskWMnaAjWn1j6NfBRBQ=
-13,-6,7be7DRhQlLUPGHWVgDspxOXv9+I=,16Op+MOLen9NY5mx7hTAm2rXbO4=
-14,-5,7be7DRhQlLUPGHWVgDspxOXv9+I=,16Op+MOLen9NY5mx7hTAm2rXbO4=
-13,-5,7be7DRhQlLUPGHWVgDspxOXv9+I=,16Op+MOLen9NY5mx7hTAm2rXbO4=
-14,-6,7be7DRhQlLUPGHWVgDspxOXv9+I=,16Op+MOLen9NY5mx7hTAm2rXbO4=
-11,-15,7be7DRhQlLUPGHWVgDspxOXv9+I=,3Vy97R87uQZ8x947VKyPmNDnZdA=
-10,-15,7be7DRhQlLUPGHWVgDspxOXv9+I=,3Vy97R87uQZ8x947VKyPmNDnZdA=
-10,-8,7be7DRhQlLUPGHWVgDspxOXv9+I=,uqe1Id9mskWMnaAjWn1j6NfBRBQ=
-12,-15,7be7DRhQlLUPGHWVgDspxOXv9+I=,3Vy97R87uQZ8x947VKyPmNDnZdA=
-15,-15,7be7DRhQlLUPGHWVgDspxOXv9+I=,C065iKqn5X3fkVnlIcD+9ZAFXF0=
-13,-10,7be7DRhQlLUPGHWVgDspxOXv9+I=,WZruN1TS8o0Yna+J3RouWieGVDs=
-12,-12,7be7DRhQlLUPGHWVgDspxOXv9+I=,uqe1Id9mskWMnaAjWn1j6NfBRBQ=
-12,-14,7be7DRhQlLUPGHWVgDspxOXv9+I=,3Vy97R87uQZ8x947VKyPmNDnZdA=
-12,-10,7be7DRhQlLUPGHWVgDspxOXv9+I=,uqe1Id9mskWMnaAjWn1j6NfBRBQ=
-10,-9,7be7DRhQlLUPGHWVgDspxOXv9+I=,uqe1Id9mskWMnaAjWn1j6NfBRBQ=
-12,-13,7be7DRhQlLUPGHWVgDspxOXv9+I=,3Vy97R87uQZ8x947VKyPmNDnZdA=
-11,-9,7be7DRhQlLUPGHWVgDspxOXv9+I=,uqe1Id9mskWMnaAjWn1j6NfBRBQ=
-12,-9,7be7DRhQlLUPGHWVgDspxOXv9+I=,uqe1Id9mskWMnaAjWn1j6NfBRBQ=
-13,-9,7be7DRhQlLUPGHWVgDspxOXv9+I=,WZruN1TS8o0Yna+J3RouWieGVDs=
-11,-13,7be7DRhQlLUPGHWVgDspxOXv9+I=,3Vy97R87uQZ8x947VKyPmNDnZdA=
-11,-8,7be7DRhQlLUPGHWVgDspxOXv9+I=,uqe1Id9mskWMnaAjWn1j6NfBRBQ=
-11,-12,7be7DRhQlLUPGHWVgDspxOXv9+I=,uqe1Id9mskWMnaAjWn1j6NfBRBQ=
-12,-8,7be7DRhQlLUPGHWVgDspxOXv9+I=,uqe1Id9mskWMnaAjWn1j6NfBRBQ=
-11,-11,7be7DRhQlLUPGHWVgDspxOXv9+I=,uqe1Id9mskWMnaAjWn1j6NfBRBQ=
-13,-7,7be7DRhQlLUPGHWVgDspxOXv9+I=,16Op+MOLen9NY5mx7hTAm2rXbO4=
-13,-13,7be7DRhQlLUPGHWVgDspxOXv9+I=,C065iKqn5X3fkVnlIcD+9ZAFXF0=
-11,-10,7be7DRhQlLUPGHWVgDspxOXv9+I=,uqe1Id9mskWMnaAjWn1j6NfBRBQ=
-14,-7,7be7DRhQlLUPGHWVgDspxOXv9+I=,16Op+MOLen9NY5mx7hTAm2rXbO4=
-13,-8,7be7DRhQlLUPGHWVgDspxOXv9+I=,16Op+MOLen9NY5mx7hTAm2rXbO4=
-12,-11,7be7DRhQlLUPGHWVgDspxOXv9+I=,uqe1Id9mskWMnaAjWn1j6NfBRBQ=
-11,-14,7be7DRhQlLUPGHWVgDspxOXv9+I=,3Vy97R87uQZ8x947VKyPmNDnZdA=
-14,-15,7be7DRhQlLUPGHWVgDspxOXv9+I=,C065iKqn5X3fkVnlIcD+9ZAFXF0=
-13,-15,7be7DRhQlLUPGHWVgDspxOXv9+I=,C065iKqn5X3fkVnlIcD+9ZAFXF0=
-15,-14,7be7DRhQlLUPGHWVgDspxOXv9+I=,C065iKqn5X3fkVnlIcD+9ZAFXF0=
-14,-8,7be7DRhQlLUPGHWVgDspxOXv9+I=,16Op+MOLen9NY5mx7hTAm2rXbO4=
-14,-14,7be7DRhQlLUPGHWVgDspxOXv9+I=,C065iKqn5X3fkVnlIcD+9ZAFXF0=
-13,-12,7be7DRhQlLUPGHWVgDspxOXv9+I=,WZruN1TS8o0Yna+J3RouWieGVDs=
-13,-14,7be7DRhQlLUPGHWVgDspxOXv9+I=,C065iKqn5X3fkVnlIcD+9ZAFXF0=
-14,-9,7be7DRhQlLUPGHWVgDspxOXv9+I=,WZruN1TS8o0Yna+J3RouWieGVDs=
-14,-13,wgIeCYly4L91MwEOlA47KWk9J9M=,C065iKqn5X3fkVnlIcD+9ZAFXF0=
-14,-12,wgIeCYly4L91MwEOlA47KWk9J9M=,WZruN1TS8o0Yna+J3RouWieGVDs=
-14,-10,wgIeCYly4L91MwEOlA47KWk9J9M=,WZruN1TS8o0Yna+J3RouWieGVDs=
-13,-11,wgIeCYly4L91MwEOlA47KWk9J9M=,WZruN1TS8o0Yna+J3RouWieGVDs=
-14,-11,wgIeCYly4L91MwEOlA47KWk9J9M=,WZruN1TS8o0Yna+J3RouWieGVDs=
-9,-8,wgIeCYly4L91MwEOlA47KWk9J9M=,uqe1Id9mskWMnaAjWn1j6NfBRBQ=
-9,-7,wgIeCYly4L91MwEOlA47KWk9J9M=,uqe1Id9mskWMnaAjWn1j6NfBRBQ=
-7,-9,wgIeCYly4L91MwEOlA47KWk9J9M=,wGrTeVoiHhJyTkSM33S/t5b53Uo=
-8,-9,wgIeCYly4L91MwEOlA47KWk9J9M=,wGrTeVoiHhJyTkSM33S/t5b53Uo=
-9,-4,wgIeCYly4L91MwEOlA47KWk9J9M=,nzd+Bk3pBjidAgfU7hHSm8g/GPE=
-9,-5,wgIeCYly4L91MwEOlA47KWk9J9M=,uqe1Id9mskWMnaAjWn1j6NfBRBQ=
-9,-3,wgIeCYly4L91MwEOlA47KWk9J9M=,nzd+Bk3pBjidAgfU7hHSm8g/GPE=
-9,-6,wgIeCYly4L91MwEOlA47KWk9J9M=,uqe1Id9mskWMnaAjWn1j6NfBRBQ=
-9,-2,wgIeCYly4L91MwEOlA47KWk9J9M=,nzd+Bk3pBjidAgfU7hHSm8g/GPE=
-9,-10,wgIeCYly4L91MwEOlA47KWk9J9M=,uqe1Id9mskWMnaAjWn1j6NfBRBQ=
-6,-9,wgIeCYly4L91MwEOlA47KWk9J9M=,wGrTeVoiHhJyTkSM33S/t5b53Uo=
-9,-9,wgIeCYly4L91MwEOlA47KWk9J9M=,uqe1Id9mskWMnaAjWn1j6NfBRBQ=
-8,-6,wgIeCYly4L91MwEOlA47KWk9J9M=,kzawhswtfyga1dQZCiOom+u2fnY=
-7,-10,wgIeCYly4L91MwEOlA47KWk9J9M=,wGrTeVoiHhJyTkSM33S/t5b53Uo=
-5,-10,wgIeCYly4L91MwEOlA47KWk9J9M=,wGrTeVoiHhJyTkSM33S/t5b53Uo=
-8,-10,wgIeCYly4L91MwEOlA47KWk9J9M=,wGrTeVoiHhJyTkSM33S/t5b53Uo=
-6,-10,wgIeCYly4L91MwEOlA47KWk9J9M=,wGrTeVoiHhJyTkSM33S/t5b53Uo=
-7,-6,wgIeCYly4L91MwEOlA47KWk9J9M=,kzawhswtfyga1dQZCiOom+u2fnY=
-10,-10,wgIeCYly4L91MwEOlA47KWk9J9M=,uqe1Id9mskWMnaAjWn1j6NfBRBQ=
-3,-10,wgIeCYly4L91MwEOlA47KWk9J9M=,vL36ZOtqbBSM5AZmZBoQurXoYwA=
-7,-3,wgIeCYly4L91MwEOlA47KWk9J9M=,DWAJs5Dh+GOokwsByNstQP1fZxc=
-8,-3,wgIeCYly4L91MwEOlA47KWk9J9M=,DWAJs5Dh+GOokwsByNstQP1fZxc=
-4,-10,wgIeCYly4L91MwEOlA47KWk9J9M=,vL36ZOtqbBSM5AZmZBoQurXoYwA=
-5,-9,wgIeCYly4L91MwEOlA47KWk9J9M=,wGrTeVoiHhJyTkSM33S/t5b53Uo=
-7,-4,wgIeCYly4L91MwEOlA47KWk9J9M=,DWAJs5Dh+GOokwsByNstQP1fZxc=
-5,-7,wgIeCYly4L91MwEOlA47KWk9J9M=,kzawhswtfyga1dQZCiOom+u2fnY=
-8,-4,wgIeCYly4L91MwEOlA47KWk9J9M=,DWAJs5Dh+GOokwsByNstQP1fZxc=
-5,-8,YTIHFAfQ4Ni1PXhNJCHGLC7Zfig=,kzawhswtfyga1dQZCiOom+u2fnY=
-8,-15,YTIHFAfQ4Ni1PXhNJCHGLC7Zfig=,WtZgXkQV7kapxU5WXE7gPpQg3Bc=
-7,-15,YTIHFAfQ4Ni1PXhNJCHGLC7Zfig=,WtZgXkQV7kapxU5WXE7gPpQg3Bc=
-6,-15,YTIHFAfQ4Ni1PXhNJCHGLC7Zfig=,WtZgXkQV7kapxU5WXE7gPpQg3Bc=
-1,-10,YTIHFAfQ4Ni1PXhNJCHGLC7Zfig=,vL36ZOtqbBSM5AZmZBoQurXoYwA=
-7,-5,YTIHFAfQ4Ni1PXhNJCHGLC7Zfig=,kzawhswtfyga1dQZCiOom+u2fnY=
-8,-8,YTIHFAfQ4Ni1PXhNJCHGLC7Zfig=,kzawhswtfyga1dQZCiOom+u2fnY=
-9,-15,YTIHFAfQ4Ni1PXhNJCHGLC7Zfig=,3Vy97R87uQZ8x947VKyPmNDnZdA=
-5,-15,YTIHFAfQ4Ni1PXhNJCHGLC7Zfig=,WtZgXkQV7kapxU5WXE7gPpQg3Bc=
-4,-15,YTIHFAfQ4Ni1PXhNJCHGLC7Zfig=,cQuUSnciUMQlZL9hVZpfoU3CRGk=
-5,-14,YTIHFAfQ4Ni1PXhNJCHGLC7Zfig=,WtZgXkQV7kapxU5WXE7gPpQg3Bc=
-9,-13,YTIHFAfQ4Ni1PXhNJCHGLC7Zfig=,3Vy97R87uQZ8x947VKyPmNDnZdA=
-8,-5,YTIHFAfQ4Ni1PXhNJCHGLC7Zfig=,kzawhswtfyga1dQZCiOom+u2fnY=
-8,-7,YTIHFAfQ4Ni1PXhNJCHGLC7Zfig=,kzawhswtfyga1dQZCiOom+u2fnY=
-6,-16,YTIHFAfQ4Ni1PXhNJCHGLC7Zfig=,WtZgXkQV7kapxU5WXE7gPpQg3Bc=
-7,-16,YTIHFAfQ4Ni1PXhNJCHGLC7Zfig=,WtZgXkQV7kapxU5WXE7gPpQg3Bc=
-11,-16,YTIHFAfQ4Ni1PXhNJCHGLC7Zfig=,3Vy97R87uQZ8x947VKyPmNDnZdA=
-10,-16,YTIHFAfQ4Ni1PXhNJCHGLC7Zfig=,3Vy97R87uQZ8x947VKyPmNDnZdA=
-9,-16,YTIHFAfQ4Ni1PXhNJCHGLC7Zfig=,3Vy97R87uQZ8x947VKyPmNDnZdA=
-8,-16,YTIHFAfQ4Ni1PXhNJCHGLC7Zfig=,WtZgXkQV7kapxU5WXE7gPpQg3Bc=
-5,-6,YTIHFAfQ4Ni1PXhNJCHGLC7Zfig=,kzawhswtfyga1dQZCiOom+u2fnY=
-7,-8,YTIHFAfQ4Ni1PXhNJCHGLC7Zfig=,kzawhswtfyga1dQZCiOom+u2fnY=
-7,-7,YTIHFAfQ4Ni1PXhNJCHGLC7Zfig=,kzawhswtfyga1dQZCiOom+u2fnY=
-9,-11,YTIHFAfQ4Ni1PXhNJCHGLC7Zfig=,uqe1Id9mskWMnaAjWn1j6NfBRBQ=
-2,-9,YTIHFAfQ4Ni1PXhNJCHGLC7Zfig=,vL36ZOtqbBSM5AZmZBoQurXoYwA=
-2,-10,YTIHFAfQ4Ni1PXhNJCHGLC7Zfig=,vL36ZOtqbBSM5AZmZBoQurXoYwA=
-1,-9,YTIHFAfQ4Ni1PXhNJCHGLC7Zfig=,vL36ZOtqbBSM5AZmZBoQurXoYwA=
-6,-14,YTIHFAfQ4Ni1PXhNJCHGLC7Zfig=,WtZgXkQV7kapxU5WXE7gPpQg3Bc=
-4,-16,YTIHFAfQ4Ni1PXhNJCHGLC7Zfig=,cQuUSnciUMQlZL9hVZpfoU3CRGk=
-5,-16,YTIHFAfQ4Ni1PXhNJCHGLC7Zfig=,WtZgXkQV7kapxU5WXE7gPpQg3Bc=
-9,-14,YTIHFAfQ4Ni1PXhNJCHGLC7Zfig=,3Vy97R87uQZ8x947VKyPmNDnZdA=
-10,-12,YTIHFAfQ4Ni1PXhNJCHGLC7Zfig=,uqe1Id9mskWMnaAjWn1j6NfBRBQ=
-7,-14,YTIHFAfQ4Ni1PXhNJCHGLC7Zfig=,WtZgXkQV7kapxU5WXE7gPpQg3Bc=
-5,-4,YTIHFAfQ4Ni1PXhNJCHGLC7Zfig=,DWAJs5Dh+GOokwsByNstQP1fZxc=
-7,-12,YTIHFAfQ4Ni1PXhNJCHGLC7Zfig=,wGrTeVoiHhJyTkSM33S/t5b53Uo=
-10,-11,YTIHFAfQ4Ni1PXhNJCHGLC7Zfig=,uqe1Id9mskWMnaAjWn1j6NfBRBQ=
-8,-11,YTIHFAfQ4Ni1PXhNJCHGLC7Zfig=,wGrTeVoiHhJyTkSM33S/t5b53Uo=
-7,-11,YTIHFAfQ4Ni1PXhNJCHGLC7Zfig=,wGrTeVoiHhJyTkSM33S/t5b53Uo=
-6,-11,YTIHFAfQ4Ni1PXhNJCHGLC7Zfig=,wGrTeVoiHhJyTkSM33S/t5b53Uo=
-3,-9,YTIHFAfQ4Ni1PXhNJCHGLC7Zfig=,vL36ZOtqbBSM5AZmZBoQurXoYwA=
-4,-9,YTIHFAfQ4Ni1PXhNJCHGLC7Zfig=,vL36ZOtqbBSM5AZmZBoQurXoYwA=
-11,-1,YTIHFAfQ4Ni1PXhNJCHGLC7Zfig=,nzd+Bk3pBjidAgfU7hHSm8g/GPE=
-10,-1,YTIHFAfQ4Ni1PXhNJCHGLC7Zfig=,nzd+Bk3pBjidAgfU7hHSm8g/GPE=
-3,-16,YTIHFAfQ4Ni1PXhNJCHGLC7Zfig=,cQuUSnciUMQlZL9hVZpfoU3CRGk=
-5,-11,YTIHFAfQ4Ni1PXhNJCHGLC7Zfig=,wGrTeVoiHhJyTkSM33S/t5b53Uo=
-9,-12,YTIHFAfQ4Ni1PXhNJCHGLC7Zfig=,uqe1Id9mskWMnaAjWn1j6NfBRBQ=
-4,-11,YTIHFAfQ4Ni1PXhNJCHGLC7Zfig=,vL36ZOtqbBSM5AZmZBoQurXoYwA=
-4,-12,YTIHFAfQ4Ni1PXhNJCHGLC7Zfig=,vL36ZOtqbBSM5AZmZBoQurXoYwA=
-8,-1,YTIHFAfQ4Ni1PXhNJCHGLC7Zfig=,DWAJs5Dh+GOokwsByNstQP1fZxc=
-3,-11,YTIHFAfQ4Ni1PXhNJCHGLC7Zfig=,vL36ZOtqbBSM5AZmZBoQurXoYwA=
-10,-13,YTIHFAfQ4Ni1PXhNJCHGLC7Zfig=,3Vy97R87uQZ8x947VKyPmNDnZdA=
-6,-12,YTIHFAfQ4Ni1PXhNJCHGLC7Zfig=,wGrTeVoiHhJyTkSM33S/t5b53Uo=
-5,-5,YTIHFAfQ4Ni1PXhNJCHGLC7Zfig=,kzawhswtfyga1dQZCiOom+u2fnY=
-8,-12,YTIHFAfQ4Ni1PXhNJCHGLC7Zfig=,wGrTeVoiHhJyTkSM33S/t5b53Uo=
-1,-8,YTIHFAfQ4Ni1PXhNJCHGLC7Zfig=,g0gY//VKN2ugyTwwNLIP+flQuaQ=
-4,-1,YTIHFAfQ4Ni1PXhNJCHGLC7Zfig=,0I2Y1Uy3Dep+3u+ydhsTJjPqTcU=
-10,-14,YTIHFAfQ4Ni1PXhNJCHGLC7Zfig=,3Vy97R87uQZ8x947VKyPmNDnZdA=
-1,-15,YTIHFAfQ4Ni1PXhNJCHGLC7Zfig=,cQuUSnciUMQlZL9hVZpfoU3CRGk=
-1,-14,YTIHFAfQ4Ni1PXhNJCHGLC7Zfig=,cQuUSnciUMQlZL9hVZpfoU3CRGk=
-1,-12,YTIHFAfQ4Ni1PXhNJCHGLC7Zfig=,vL36ZOtqbBSM5AZmZBoQurXoYwA=
-8,-13,YTIHFAfQ4Ni1PXhNJCHGLC7Zfig=,WtZgXkQV7kapxU5WXE7gPpQg3Bc=
-2,-12,YTIHFAfQ4Ni1PXhNJCHGLC7Zfig=,vL36ZOtqbBSM5AZmZBoQurXoYwA=
-6,-13,YTIHFAfQ4Ni1PXhNJCHGLC7Zfig=,WtZgXkQV7kapxU5WXE7gPpQg3Bc=
-3,-1,YTIHFAfQ4Ni1PXhNJCHGLC7Zfig=,0I2Y1Uy3Dep+3u+ydhsTJjPqTcU=
-16,-15,YTIHFAfQ4Ni1PXhNJCHGLC7Zfig=,C065iKqn5X3fkVnlIcD+9ZAFXF0=
-16,-14,YTIHFAfQ4Ni1PXhNJCHGLC7Zfig=,C065iKqn5X3fkVnlIcD+9ZAFXF0=
-4,-7,YTIHFAfQ4Ni1PXhNJCHGLC7Zfig=,g0gY//VKN2ugyTwwNLIP+flQuaQ=
-5,-3,YTIHFAfQ4Ni1PXhNJCHGLC7Zfig=,DWAJs5Dh+GOokwsByNstQP1fZxc=
-8,-14,YTIHFAfQ4Ni1PXhNJCHGLC7Zfig=,WtZgXkQV7kapxU5WXE7gPpQg3Bc=
-1,-16,YTIHFAfQ4Ni1PXhNJCHGLC7Zfig=,cQuUSnciUMQlZL9hVZpfoU3CRGk=
-2,-13,YTIHFAfQ4Ni1PXhNJCHGLC7Zfig=,cQuUSnciUMQlZL9hVZpfoU3CRGk=
-7,-13,YTIHFAfQ4Ni1PXhNJCHGLC7Zfig=,WtZgXkQV7kapxU5WXE7gPpQg3Bc=
-2,-14,YTIHFAfQ4Ni1PXhNJCHGLC7Zfig=,cQuUSnciUMQlZL9hVZpfoU3CRGk=
-1,-4,YTIHFAfQ4Ni1PXhNJCHGLC7Zfig=,0I2Y1Uy3Dep+3u+ydhsTJjPqTcU=
-1,-1,YTIHFAfQ4Ni1PXhNJCHGLC7Zfig=,0I2Y1Uy3Dep+3u+ydhsTJjPqTcU=
-3,-14,YTIHFAfQ4Ni1PXhNJCHGLC7Zfig=,cQuUSnciUMQlZL9hVZpfoU3CRGk=
-3,-2,YTIHFAfQ4Ni1PXhNJCHGLC7Zfig=,0I2Y1Uy3Dep+3u+ydhsTJjPqTcU=
-1,-11,YTIHFAfQ4Ni1PXhNJCHGLC7Zfig=,vL36ZOtqbBSM5AZmZBoQurXoYwA=
-2,-11,YTIHFAfQ4Ni1PXhNJCHGLC7Zfig=,vL36ZOtqbBSM5AZmZBoQurXoYwA=
-3,-13,YTIHFAfQ4Ni1PXhNJCHGLC7Zfig=,cQuUSnciUMQlZL9hVZpfoU3CRGk=
-2,-1,YTIHFAfQ4Ni1PXhNJCHGLC7Zfig=,0I2Y1Uy3Dep+3u+ydhsTJjPqTcU=
-16,-12,YTIHFAfQ4Ni1PXhNJCHGLC7Zfig=,WZruN1TS8o0Yna+J3RouWieGVDs=
-16,-13,YTIHFAfQ4Ni1PXhNJCHGLC7Zfig=,C065iKqn5X3fkVnlIcD+9ZAFXF0=
-4,-13,YTIHFAfQ4Ni1PXhNJCHGLC7Zfig=,cQuUSnciUMQlZL9hVZpfoU3CRGk=
-1,-13,YTIHFAfQ4Ni1PXhNJCHGLC7Zfig=,cQuUSnciUMQlZL9hVZpfoU3CRGk=
-4,-2,YTIHFAfQ4Ni1PXhNJCHGLC7Zfig=,0I2Y1Uy3Dep+3u+ydhsTJjPqTcU=
-6,-4,YTIHFAfQ4Ni1PXhNJCHGLC7Zfig=,DWAJs5Dh+GOokwsByNstQP1fZxc=
-5,-12,YTIHFAfQ4Ni1PXhNJCHGLC7Zfig=,wGrTeVoiHhJyTkSM33S/t5b53Uo=
-1,-5,YTIHFAfQ4Ni1PXhNJCHGLC7Zfig=,g0gY//VKN2ugyTwwNLIP+flQuaQ=
-1,-2,YTIHFAfQ4Ni1PXhNJCHGLC7Zfig=,0I2Y1Uy3Dep+3u+ydhsTJjPqTcU=
-16,-11,YTIHFAfQ4Ni1PXhNJCHGLC7Zfig=,WZruN1TS8o0Yna+J3RouWieGVDs=
-2,-15,YTIHFAfQ4Ni1PXhNJCHGLC7Zfig=,cQuUSnciUMQlZL9hVZpfoU3CRGk=
-5,-1,YTIHFAfQ4Ni1PXhNJCHGLC7Zfig=,DWAJs5Dh+GOokwsByNstQP1fZxc=
-2,-16,YTIHFAfQ4Ni1PXhNJCHGLC7Zfig=,cQuUSnciUMQlZL9hVZpfoU3CRGk=
-15,-13,YTIHFAfQ4Ni1PXhNJCHGLC7Zfig=,C065iKqn5X3fkVnlIcD+9ZAFXF0=
-6,-5,YTIHFAfQ4Ni1PXhNJCHGLC7Zfig=,kzawhswtfyga1dQZCiOom+u2fnY=
-6,-1,YTIHFAfQ4Ni1PXhNJCHGLC7Zfig=,DWAJs5Dh+GOokwsByNstQP1fZxc=
-7,-1,YTIHFAfQ4Ni1PXhNJCHGLC7Zfig=,DWAJs5Dh+GOokwsByNstQP1fZxc=
-3,-15,YTIHFAfQ4Ni1PXhNJCHGLC7Zfig=,cQuUSnciUMQlZL9hVZpfoU3CRGk=
-2,-2,YTIHFAfQ4Ni1PXhNJCHGLC7Zfig=,0I2Y1Uy3Dep+3u+ydhsTJjPqTcU=
-4,-14,YTIHFAfQ4Ni1PXhNJCHGLC7Zfig=,cQuUSnciUMQlZL9hVZpfoU3CRGk=
-15,-12,YTIHFAfQ4Ni1PXhNJCHGLC7Zfig=,WZruN1TS8o0Yna+J3RouWieGVDs=
-1,-6,YTIHFAfQ4Ni1PXhNJCHGLC7Zfig=,g0gY//VKN2ugyTwwNLIP+flQuaQ=
-9,-1,YTIHFAfQ4Ni1PXhNJCHGLC7Zfig=,nzd+Bk3pBjidAgfU7hHSm8g/GPE=
-5,-13,YTIHFAfQ4Ni1PXhNJCHGLC7Zfig=,WtZgXkQV7kapxU5WXE7gPpQg3Bc=
-15,-1,YTIHFAfQ4Ni1PXhNJCHGLC7Zfig=,p1kUe0JAKnUM/VtLiwczfBezznM=
-14,-1,YTIHFAfQ4Ni1PXhNJCHGLC7Zfig=,p1kUe0JAKnUM/VtLiwczfBezznM=
-13,-1,YTIHFAfQ4Ni1PXhNJCHGLC7Zfig=,p1kUe0JAKnUM/VtLiwczfBezznM=
-12,-1,YTIHFAfQ4Ni1PXhNJCHGLC7Zfig=,nzd+Bk3pBjidAgfU7hHSm8g/GPE=
-12,-16,YTIHFAfQ4Ni1PXhNJCHGLC7Zfig=,3Vy97R87uQZ8x947VKyPmNDnZdA=
-15,-16,YTIHFAfQ4Ni1PXhNJCHGLC7Zfig=,C065iKqn5X3fkVnlIcD+9ZAFXF0=
-14,-16,YTIHFAfQ4Ni1PXhNJCHGLC7Zfig=,C065iKqn5X3fkVnlIcD+9ZAFXF0=
-3,-12,YTIHFAfQ4Ni1PXhNJCHGLC7Zfig=,vL36ZOtqbBSM5AZmZBoQurXoYwA=
-13,-16,YTIHFAfQ4Ni1PXhNJCHGLC7Zfig=,C065iKqn5X3fkVnlIcD+9ZAFXF0=
-6,-3,YTIHFAfQ4Ni1PXhNJCHGLC7Zfig=,DWAJs5Dh+GOokwsByNstQP1fZxc=
-16,-16,YTIHFAfQ4Ni1PXhNJCHGLC7Zfig=,C065iKqn5X3fkVnlIcD+9ZAFXF0=
-16,-2,YTIHFAfQ4Ni1PXhNJCHGLC7Zfig=,p1kUe0JAKnUM/VtLiwczfBezznM=
-16,-3,YTIHFAfQ4Ni1PXhNJCHGLC7Zfig=,p1kUe0JAKnUM/VtLiwczfBezznM=
-16,-4,YTIHFAfQ4Ni1PXhNJCHGLC7Zfig=,p1kUe0JAKnUM/VtLiwczfBezznM=
-5,-2,YTIHFAfQ4Ni1PXhNJCHGLC7Zfig=,DWAJs5Dh+GOokwsByNstQP1fZxc=
-8,-2,YTIHFAfQ4Ni1PXhNJCHGLC7Zfig=,DWAJs5Dh+GOokwsByNstQP1fZxc=
-4,-8,AOh9Gi59w9N24lknfsyptWTF30M=,g0gY//VKN2ugyTwwNLIP+flQuaQ=
-16,-7,AOh9Gi59w9N24lknfsyptWTF30M=,16Op+MOLen9NY5mx7hTAm2rXbO4=
-15,-5,AOh9Gi59w9N24lknfsyptWTF30M=,16Op+MOLen9NY5mx7hTAm2rXbO4=
-16,-1,AOh9Gi59w9N24lknfsyptWTF30M=,p1kUe0JAKnUM/VtLiwczfBezznM=
-16,-5,AOh9Gi59w9N24lknfsyptWTF30M=,16Op+MOLen9NY5mx7hTAm2rXbO4=
-1,-7,AOh9Gi59w9N24lknfsyptWTF30M=,g0gY//VKN2ugyTwwNLIP+flQuaQ=
-6,-7,AOh9Gi59w9N24lknfsyptWTF30M=,kzawhswtfyga1dQZCiOom+u2fnY=
-15,-6,AOh9Gi59w9N24lknfsyptWTF30M=,16Op+MOLen9NY5mx7hTAm2rXbO4=
-6,-2,AOh9Gi59w9N24lknfsyptWTF30M=,DWAJs5Dh+GOokwsByNstQP1fZxc=
-16,-6,AOh9Gi59w9N24lknfsyptWTF30M=,16Op+MOLen9NY5mx7hTAm2rXbO4=
-4,-3,AOh9Gi59w9N24lknfsyptWTF30M=,0I2Y1Uy3Dep+3u+ydhsTJjPqTcU=
-16,-8,AOh9Gi59w9N24lknfsyptWTF30M=,16Op+MOLen9NY5mx7hTAm2rXbO4=
-1,-3,AOh9Gi59w9N24lknfsyptWTF30M=,0I2Y1Uy3Dep+3u+ydhsTJjPqTcU=
-15,-7,AOh9Gi59w9N24lknfsyptWTF30M=,16Op+MOLen9NY5mx7hTAm2rXbO4=
-7,-2,AOh9Gi59w9N24lknfsyptWTF30M=,DWAJs5Dh+GOokwsByNstQP1fZxc=
-6,-8,AOh9Gi59w9N24lknfsyptWTF30M=,kzawhswtfyga1dQZCiOom+u2fnY=
-15,-11,AOh9Gi59w9N24lknfsyptWTF30M=,WZruN1TS8o0Yna+J3RouWieGVDs=
-2,-4,AOh9Gi59w9N24lknfsyptWTF30M=,0I2Y1Uy3Dep+3u+ydhsTJjPqTcU=
-15,-10,AOh9Gi59w9N24lknfsyptWTF30M=,WZruN1TS8o0Yna+J3RouWieGVDs=
-2,-3,AOh9Gi59w9N24lknfsyptWTF30M=,0I2Y1Uy3Dep+3u+ydhsTJjPqTcU=
-3,-3,AOh9Gi59w9N24lknfsyptWTF30M=,0I2Y1Uy3Dep+3u+ydhsTJjPqTcU=
-15,-8,AOh9Gi59w9N24lknfsyptWTF30M=,16Op+MOLen9NY5mx7hTAm2rXbO4=
-16,-9,AOh9Gi59w9N24lknfsyptWTF30M=,WZruN1TS8o0Yna+J3RouWieGVDs=
-4,-5,AOh9Gi59w9N24lknfsyptWTF30M=,g0gY//VKN2ugyTwwNLIP+flQuaQ=
-16,-10,AOh9Gi59w9N24lknfsyptWTF30M=,WZruN1TS8o0Yna+J3RouWieGVDs=
-15,-9,AOh9Gi59w9N24lknfsyptWTF30M=,WZruN1TS8o0Yna+J3RouWieGVDs=
-3,-5,AOh9Gi59w9N24lknfsyptWTF30M=,g0gY//VKN2ugyTwwNLIP+flQuaQ=
-3,-7,AOh9Gi59w9N24lknfsyptWTF30M=,g0gY//VKN2ugyTwwNLIP+flQuaQ=
-6,-6,AOh9Gi59w9N24lknfsyptWTF30M=,kzawhswtfyga1dQZCiOom+u2fnY=
-2,-6,AOh9Gi59w9N24lknfsyptWTF30M=,g0gY//VKN2ugyTwwNLIP+flQuaQ=
-3,-4,AOh9Gi59w9N24lknfsyptWTF30M=,0I2Y1Uy3Dep+3u+ydhsTJjPqTcU=
-4,-4,AOh9Gi59w9N24lknfsyptWTF30M=,0I2Y1Uy3Dep+3u+ydhsTJjPqTcU=
-3,-8,AOh9Gi59w9N24lknfsyptWTF30M=,g0gY//VKN2ugyTwwNLIP+flQuaQ=
-2,-5,AOh9Gi59w9N24lknfsyptWTF30M=,g0gY//VKN2ugyTwwNLIP+flQuaQ=
-4,-6,AOh9Gi59w9N24lknfsyptWTF30M=,g0gY//VKN2ugyTwwNLIP+flQuaQ=
-3,-6,AOh9Gi59w9N24lknfsyptWTF30M=,g0gY//VKN2ugyTwwNLIP+flQuaQ=
-2,-7,AOh9Gi59w9N24lknfsyptWTF30M=,g0gY//VKN2ugyTwwNLIP+flQuaQ=
-2,-8,AOh9Gi59w9N24lknfsyptWTF30M=,g0gY//VKN2ugyTwwNLIP+flQuaQ=
-7,-27,AOh9Gi59w9N24lknfsyptWTF30M=,ioFnN1WhtxWUfbvdHc8PhxVHTAU=
-6,-27,AOh9Gi59w9N24lknfsyptWTF30M=,ioFnN1WhtxWUfbvdHc8PhxVHTAU=
-7,-26,AOh9Gi59w9N24lknfsyptWTF30M=,ioFnN1WhtxWUfbvdHc8PhxVHTAU=
-6,-26,AOh9Gi59w9N24lknfsyptWTF30M=,ioFnN1WhtxWUfbvdHc8PhxVHTAU=
-7,-19,AOh9Gi59w9N24lknfsyptWTF30M=,p16oUFgW66GA1cZVxVbEw30aFD0=
-6,-19,AOh9Gi59w9N24lknfsyptWTF30M=,p16oUFgW66GA1cZVxVbEw30aFD0=
-7,-18,AOh9Gi59w9N24lknfsyptWTF30M=,p16oUFgW66GA1cZVxVbEw30aFD0=
-6,-18,AOh9Gi59w9N24lknfsyptWTF30M=,p16oUFgW66GA1cZVxVbEw30aFD0=
-6,-20,AOh9Gi59w9N24lknfsyptWTF30M=,p16oUFgW66GA1cZVxVbEw30aFD0=
-6,-23,AOh9Gi59w9N24lknfsyptWTF30M=,p16oUFgW66GA1cZVxVbEw30aFD0=
-7,-21,AOh9Gi59w9N24lknfsyptWTF30M=,p16oUFgW66GA1cZVxVbEw30aFD0=
-6,-21,AOh9Gi59w9N24lknfsyptWTF30M=,p16oUFgW66GA1cZVxVbEw30aFD0=
-7,-20,AOh9Gi59w9N24lknfsyptWTF30M=,p16oUFgW66GA1cZVxVbEw30aFD0=
-7,-25,AOh9Gi59w9N24lknfsyptWTF30M=,ioFnN1WhtxWUfbvdHc8PhxVHTAU=
-6,-25,AOh9Gi59w9N24lknfsyptWTF30M=,ioFnN1WhtxWUfbvdHc8PhxVHTAU=
-6,-24,AOh9Gi59w9N24lknfsyptWTF30M=,p16oUFgW66GA1cZVxVbEw30aFD0=
-7,-24,AOh9Gi59w9N24lknfsyptWTF30M=,p16oUFgW66GA1cZVxVbEw30aFD0=
-6,-22,AOh9Gi59w9N24lknfsyptWTF30M=,p16oUFgW66GA1cZVxVbEw30aFD0=
-7,-22,AOh9Gi59w9N24lknfsyptWTF30M=,p16oUFgW66GA1cZVxVbEw30aFD0=
-7,-23,AOh9Gi59w9N24lknfsyptWTF30M=,p16oUFgW66GA1cZVxVbEw30aFD0=
-5,-27,AOh9Gi59w9N24lknfsyptWTF30M=,ioFnN1WhtxWUfbvdHc8PhxVHTAU=
-4,-27,AOh9Gi59w9N24lknfsyptWTF30M=,VNm5PGpU4R5tHI8ZT6rK0RdaJkQ=
-2,-27,AOh9Gi59w9N24lknfsyptWTF30M=,VNm5PGpU4R5tHI8ZT6rK0RdaJkQ=
-3,-27,AOh9Gi59w9N24lknfsyptWTF30M=,VNm5PGpU4R5tHI8ZT6rK0RdaJkQ=
-1,-27,AOh9Gi59w9N24lknfsyptWTF30M=,VNm5PGpU4R5tHI8ZT6rK0RdaJkQ=
-5,-19,AOh9Gi59w9N24lknfsyptWTF30M=,p16oUFgW66GA1cZVxVbEw30aFD0=
-5,-18,AOh9Gi59w9N24lknfsyptWTF30M=,p16oUFgW66GA1cZVxVbEw30aFD0=
-5,-20,AOh9Gi59w9N24lknfsyptWTF30M=,p16oUFgW66GA1cZVxVbEw30aFD0=
-5,-22,AOh9Gi59w9N24lknfsyptWTF30M=,p16oUFgW66GA1cZVxVbEw30aFD0=
-5,-21,AOh9Gi59w9N24lknfsyptWTF30M=,p16oUFgW66GA1cZVxVbEw30aFD0=
-5,-26,AOh9Gi59w9N24lknfsyptWTF30M=,ioFnN1WhtxWUfbvdHc8PhxVHTAU=
-5,-25,AOh9Gi59w9N24lknfsyptWTF30M=,ioFnN1WhtxWUfbvdHc8PhxVHTAU=
-5,-24,AOh9Gi59w9N24lknfsyptWTF30M=,p16oUFgW66GA1cZVxVbEw30aFD0=
-5,-23,AOh9Gi59w9N24lknfsyptWTF30M=,p16oUFgW66GA1cZVxVbEw30aFD0=
-3,-26,AOh9Gi59w9N24lknfsyptWTF30M=,VNm5PGpU4R5tHI8ZT6rK0RdaJkQ=
-2,-26,AOh9Gi59w9N24lknfsyptWTF30M=,VNm5PGpU4R5tHI8ZT6rK0RdaJkQ=
-4,-26,AOh9Gi59w9N24lknfsyptWTF30M=,VNm5PGpU4R5tHI8ZT6rK0RdaJkQ=
-4,-19,AOh9Gi59w9N24lknfsyptWTF30M=,B92Au7SZJ13HMycbZ5TbkEU6xso=
-1,-26,AOh9Gi59w9N24lknfsyptWTF30M=,VNm5PGpU4R5tHI8ZT6rK0RdaJkQ=
-2,-23,AOh9Gi59w9N24lknfsyptWTF30M=,lkoHz2q2DYWLnKa32h6mtPirfsY=
-3,-24,AOh9Gi59w9N24lknfsyptWTF30M=,lkoHz2q2DYWLnKa32h6mtPirfsY=
-1,-23,AOh9Gi59w9N24lknfsyptWTF30M=,lkoHz2q2DYWLnKa32h6mtPirfsY=
-4,-21,AOh9Gi59w9N24lknfsyptWTF30M=,lkoHz2q2DYWLnKa32h6mtPirfsY=
-4,-24,AOh9Gi59w9N24lknfsyptWTF30M=,lkoHz2q2DYWLnKa32h6mtPirfsY=
-1,-25,AOh9Gi59w9N24lknfsyptWTF30M=,VNm5PGpU4R5tHI8ZT6rK0RdaJkQ=
-7,-17,Z7tb/+tjz59CVTVRMSgb15PmmT4=,p16oUFgW66GA1cZVxVbEw30aFD0=
-3,-21,Z7tb/+tjz59CVTVRMSgb15PmmT4=,lkoHz2q2DYWLnKa32h6mtPirfsY=
-3,-19,Z7tb/+tjz59CVTVRMSgb15PmmT4=,B92Au7SZJ13HMycbZ5TbkEU6xso=
-3,-20,Z7tb/+tjz59CVTVRMSgb15PmmT4=,B92Au7SZJ13HMycbZ5TbkEU6xso=
-5,-17,Z7tb/+tjz59CVTVRMSgb15PmmT4=,p16oUFgW66GA1cZVxVbEw30aFD0=
-4,-17,Z7tb/+tjz59CVTVRMSgb15PmmT4=,B92Au7SZJ13HMycbZ5TbkEU6xso=
-8,-18,Z7tb/+tjz59CVTVRMSgb15PmmT4=,p16oUFgW66GA1cZVxVbEw30aFD0=
-8,-19,Z7tb/+tjz59CVTVRMSgb15PmmT4=,p16oUFgW66GA1cZVxVbEw30aFD0=
-8,-21,Z7tb/+tjz59CVTVRMSgb15PmmT4=,p16oUFgW66GA1cZVxVbEw30aFD0=
-8,-23,Z7tb/+tjz59CVTVRMSgb15PmmT4=,p16oUFgW66GA1cZVxVbEw30aFD0=
-8,-20,Z7tb/+tjz59CVTVRMSgb15PmmT4=,p16oUFgW66GA1cZVxVbEw30aFD0=
-8,-22,Z7tb/+tjz59CVTVRMSgb15PmmT4=,p16oUFgW66GA1cZVxVbEw30aFD0=
-8,-27,Z7tb/+tjz59CVTVRMSgb15PmmT4=,ioFnN1WhtxWUfbvdHc8PhxVHTAU=
-8,-26,Z7tb/+tjz59CVTVRMSgb15PmmT4=,ioFnN1WhtxWUfbvdHc8PhxVHTAU=
-8,-25,Z7tb/+tjz59CVTVRMSgb15PmmT4=,ioFnN1WhtxWUfbvdHc8PhxVHTAU=
-8,-24,Z7tb/+tjz59CVTVRMSgb15PmmT4=,p16oUFgW66GA1cZVxVbEw30aFD0=
-2,-28,Z7tb/+tjz59CVTVRMSgb15PmmT4=,VNm5PGpU4R5tHI8ZT6rK0RdaJkQ=
-3,-28,Z7tb/+tjz59CVTVRMSgb15PmmT4=,VNm5PGpU4R5tHI8ZT6rK0RdaJkQ=
-7,-28,Z7tb/+tjz59CVTVRMSgb15PmmT4=,ioFnN1WhtxWUfbvdHc8PhxVHTAU=
-6,-28,Z7tb/+tjz59CVTVRMSgb15PmmT4=,ioFnN1WhtxWUfbvdHc8PhxVHTAU=
-5,-28,Z7tb/+tjz59CVTVRMSgb15PmmT4=,ioFnN1WhtxWUfbvdHc8PhxVHTAU=
-4,-28,Z7tb/+tjz59CVTVRMSgb15PmmT4=,VNm5PGpU4R5tHI8ZT6rK0RdaJkQ=
-1,-28,Z7tb/+tjz59CVTVRMSgb15PmmT4=,VNm5PGpU4R5tHI8ZT6rK0RdaJkQ=
-8,-28,Z7tb/+tjz59CVTVRMSgb15PmmT4=,ioFnN1WhtxWUfbvdHc8PhxVHTAU=
-4,-20,Z7tb/+tjz59CVTVRMSgb15PmmT4=,B92Au7SZJ13HMycbZ5TbkEU6xso=
-8,-17,Z7tb/+tjz59CVTVRMSgb15PmmT4=,p16oUFgW66GA1cZVxVbEw30aFD0=
-4,-18,Z7tb/+tjz59CVTVRMSgb15PmmT4=,B92Au7SZJ13HMycbZ5TbkEU6xso=
-6,-17,Z7tb/+tjz59CVTVRMSgb15PmmT4=,p16oUFgW66GA1cZVxVbEw30aFD0=
-2,-21,Z7tb/+tjz59CVTVRMSgb15PmmT4=,lkoHz2q2DYWLnKa32h6mtPirfsY=
-3,-23,Z7tb/+tjz59CVTVRMSgb15PmmT4=,lkoHz2q2DYWLnKa32h6mtPirfsY=
-4,-22,Z7tb/+tjz59CVTVRMSgb15PmmT4=,lkoHz2q2DYWLnKa32h6mtPirfsY=
-2,-25,Z7tb/+tjz59CVTVRMSgb15PmmT4=,VNm5PGpU4R5tHI8ZT6rK0RdaJkQ=
-3,-17,Z7tb/+tjz59CVTVRMSgb15PmmT4=,B92Au7SZJ13HMycbZ5TbkEU6xso=
-1,-21,Z7tb/+tjz59CVTVRMSgb15PmmT4=,lkoHz2q2DYWLnKa32h6mtPirfsY=
-2,-22,Z7tb/+tjz59CVTVRMSgb15PmmT4=,lkoHz2q2DYWLnKa32h6mtPirfsY=
-3,-25,Z7tb/+tjz59CVTVRMSgb15PmmT4=,VNm5PGpU4R5tHI8ZT6rK0RdaJkQ=
-3,-22,Z7tb/+tjz59CVTVRMSgb15PmmT4=,lkoHz2q2DYWLnKa32h6mtPirfsY=
-4,-23,Z7tb/+tjz59CVTVRMSgb15PmmT4=,lkoHz2q2DYWLnKa32h6mtPirfsY=
-4,-25,Z7tb/+tjz59CVTVRMSgb15PmmT4=,VNm5PGpU4R5tHI8ZT6rK0RdaJkQ=
-2,-24,Z7tb/+tjz59CVTVRMSgb15PmmT4=,lkoHz2q2DYWLnKa32h6mtPirfsY=
-1,-20,Z7tb/+tjz59CVTVRMSgb15PmmT4=,B92Au7SZJ13HMycbZ5TbkEU6xso=
-2,-20,Z7tb/+tjz59CVTVRMSgb15PmmT4=,B92Au7SZJ13HMycbZ5TbkEU6xso=
-1,-19,Z7tb/+tjz59CVTVRMSgb15PmmT4=,B92Au7SZJ13HMycbZ5TbkEU6xso=
-1,-24,Z7tb/+tjz59CVTVRMSgb15PmmT4=,lkoHz2q2DYWLnKa32h6mtPirfsY=
-2,-19,Z7tb/+tjz59CVTVRMSgb15PmmT4=,B92Au7SZJ13HMycbZ5TbkEU6xso=
-3,-18,Z7tb/+tjz59CVTVRMSgb15PmmT4=,B92Au7SZJ13HMycbZ5TbkEU6xso=
-1,-22,Z7tb/+tjz59CVTVRMSgb15PmmT4=,lkoHz2q2DYWLnKa32h6mtPirfsY=
-2,-17,Z7tb/+tjz59CVTVRMSgb15PmmT4=,B92Au7SZJ13HMycbZ5TbkEU6xso=
-1,-17,Z7tb/+tjz59CVTVRMSgb15PmmT4=,B92Au7SZJ13HMycbZ5TbkEU6xso=
-1,-18,Z7tb/+tjz59CVTVRMSgb15PmmT4=,B92Au7SZJ13HMycbZ5TbkEU6xso=
-2,-18,Z7tb/+tjz59CVTVRMSgb15PmmT4=,B92Au7SZJ13HMycbZ5TbkEU6xso=
-27,-2,N+g+HYK52KCCMuhgi9bdq6MX+Bg=,cf9RfOtKAOYxJ+xSimhXlf/hZU8=
-26,-2,N+g+HYK52KCCMuhgi9bdq6MX+Bg=,cf9RfOtKAOYxJ+xSimhXlf/hZU8=
-27,-3,N+g+HYK52KCCMuhgi9bdq6MX+Bg=,cf9RfOtKAOYxJ+xSimhXlf/hZU8=
-26,-3,N+g+HYK52KCCMuhgi9bdq6MX+Bg=,cf9RfOtKAOYxJ+xSimhXlf/hZU8=
-25,-2,N+g+HYK52KCCMuhgi9bdq6MX+Bg=,cf9RfOtKAOYxJ+xSimhXlf/hZU8=
-24,-3,N+g+HYK52KCCMuhgi9bdq6MX+Bg=,Jd5CtyNodnlr3eLH47DqOyT7l6k=
-23,-3,N+g+HYK52KCCMuhgi9bdq6MX+Bg=,Jd5CtyNodnlr3eLH47DqOyT7l6k=
-22,-3,N+g+HYK52KCCMuhgi9bdq6MX+Bg=,Jd5CtyNodnlr3eLH47DqOyT7l6k=
-24,-2,N+g+HYK52KCCMuhgi9bdq6MX+Bg=,Jd5CtyNodnlr3eLH47DqOyT7l6k=
-23,-2,N+g+HYK52KCCMuhgi9bdq6MX+Bg=,Jd5CtyNodnlr3eLH47DqOyT7l6k=
-22,-2,N+g+HYK52KCCMuhgi9bdq6MX+Bg=,Jd5CtyNodnlr3eLH47DqOyT7l6k=
-25,-3,N+g+HYK52KCCMuhgi9bdq6MX+Bg=,cf9RfOtKAOYxJ+xSimhXlf/hZU8=
-27,-11,N+g+HYK52KCCMuhgi9bdq6MX+Bg=,d5D3yKsAh3GyQFhItZWUOL6JB/0=
-26,-11,N+g+HYK52KCCMuhgi9bdq6MX+Bg=,d5D3yKsAh3GyQFhItZWUOL6JB/0=
-23,-4,N+g+HYK52KCCMuhgi9bdq6MX+Bg=,Jd5CtyNodnlr3eLH47DqOyT7l6k=
-22,-4,N+g+HYK52KCCMuhgi9bdq6MX+Bg=,Jd5CtyNodnlr3eLH47DqOyT7l6k=
-24,-11,N+g+HYK52KCCMuhgi9bdq6MX+Bg=,1sxG0KWdPOGxU8auebWyoWOJ3Rk=
-25,-11,N+g+HYK52KCCMuhgi9bdq6MX+Bg=,d5D3yKsAh3GyQFhItZWUOL6JB/0=
-23,-11,N+g+HYK52KCCMuhgi9bdq6MX+Bg=,1sxG0KWdPOGxU8auebWyoWOJ3Rk=
-22,-11,N+g+HYK52KCCMuhgi9bdq6MX+Bg=,1sxG0KWdPOGxU8auebWyoWOJ3Rk=
-24,-4,N+g+HYK52KCCMuhgi9bdq6MX+Bg=,Jd5CtyNodnlr3eLH47DqOyT7l6k=
-24,-9,N+g+HYK52KCCMuhgi9bdq6MX+Bg=,1sxG0KWdPOGxU8auebWyoWOJ3Rk=
-25,-10,N+g+HYK52KCCMuhgi9bdq6MX+Bg=,d5D3yKsAh3GyQFhItZWUOL6JB/0=
-23,-9,N+g+HYK52KCCMuhgi9bdq6MX+Bg=,1sxG0KWdPOGxU8auebWyoWOJ3Rk=
-23,-10,N+g+HYK52KCCMuhgi9bdq6MX+Bg=,1sxG0KWdPOGxU8auebWyoWOJ3Rk=
-24,-10,N+g+HYK52KCCMuhgi9bdq6MX+Bg=,1sxG0KWdPOGxU8auebWyoWOJ3Rk=
-26,-10,N+g+HYK52KCCMuhgi9bdq6MX+Bg=,d5D3yKsAh3GyQFhItZWUOL6JB/0=
-26,-9,N+g+HYK52KCCMuhgi9bdq6MX+Bg=,d5D3yKsAh3GyQFhItZWUOL6JB/0=
-21,-10,N+g+HYK52KCCMuhgi9bdq6MX+Bg=,1sxG0KWdPOGxU8auebWyoWOJ3Rk=
-20,-10,N+g+HYK52KCCMuhgi9bdq6MX+Bg=,4dpevUwB3dGLdexjgk4+ob+aEFw=
-20,-11,N+g+HYK52KCCMuhgi9bdq6MX+Bg=,4dpevUwB3dGLdexjgk4+ob+aEFw=
-19,-11,N+g+HYK52KCCMuhgi9bdq6MX+Bg=,4dpevUwB3dGLdexjgk4+ob+aEFw=
-19,-10,N+g+HYK52KCCMuhgi9bdq6MX+Bg=,4dpevUwB3dGLdexjgk4+ob+aEFw=
-21,-11,N+g+HYK52KCCMuhgi9bdq6MX+Bg=,1sxG0KWdPOGxU8auebWyoWOJ3Rk=
-18,-11,N+g+HYK52KCCMuhgi9bdq6MX+Bg=,4dpevUwB3dGLdexjgk4+ob+aEFw=
-24,-8,kpLJf1KWHeRcRq+aIWcdltlRZxs=,RuDHah/3z0+Q9SVP9AYfJfWj7Bw=
-25,-5,kpLJf1KWHeRcRq+aIWcdltlRZxs=,r904cc00ISXcBgOtbDekAcrOMmE=
-31,-10,kpLJf1KWHeRcRq+aIWcdltlRZxs=,fLXCZXpik/VIxz1ARmc6aZC60zw=
-30,-10,kpLJf1KWHeRcRq+aIWcdltlRZxs=,fLXCZXpik/VIxz1ARmc6aZC60zw=
-29,-10,kpLJf1KWHeRcRq+aIWcdltlRZxs=,fLXCZXpik/VIxz1ARmc6aZC60zw=
-28,-11,kpLJf1KWHeRcRq+aIWcdltlRZxs=,d5D3yKsAh3GyQFhItZWUOL6JB/0=
-28,-10,kpLJf1KWHeRcRq+aIWcdltlRZxs=,d5D3yKsAh3GyQFhItZWUOL6JB/0=
-31,-11,kpLJf1KWHeRcRq+aIWcdltlRZxs=,fLXCZXpik/VIxz1ARmc6aZC60zw=
-30,-11,kpLJf1KWHeRcRq+aIWcdltlRZxs=,fLXCZXpik/VIxz1ARmc6aZC60zw=
-29,-11,kpLJf1KWHeRcRq+aIWcdltlRZxs=,fLXCZXpik/VIxz1ARmc6aZC60zw=
-24,-7,kpLJf1KWHeRcRq+aIWcdltlRZxs=,RuDHah/3z0+Q9SVP9AYfJfWj7Bw=
-26,-5,kpLJf1KWHeRcRq+aIWcdltlRZxs=,r904cc00ISXcBgOtbDekAcrOMmE=
-28,-9,kpLJf1KWHeRcRq+aIWcdltlRZxs=,d5D3yKsAh3GyQFhItZWUOL6JB/0=
-25,-6,kpLJf1KWHeRcRq+aIWcdltlRZxs=,r904cc00ISXcBgOtbDekAcrOMmE=
-22,-9,kpLJf1KWHeRcRq+aIWcdltlRZxs=,1sxG0KWdPOGxU8auebWyoWOJ3Rk=
-27,-9,kpLJf1KWHeRcRq+aIWcdltlRZxs=,d5D3yKsAh3GyQFhItZWUOL6JB/0=
-22,-10,kpLJf1KWHeRcRq+aIWcdltlRZxs=,1sxG0KWdPOGxU8auebWyoWOJ3Rk=
-27,-10,kpLJf1KWHeRcRq+aIWcdltlRZxs=,d5D3yKsAh3GyQFhItZWUOL6JB/0=
-26,-6,kpLJf1KWHeRcRq+aIWcdltlRZxs=,r904cc00ISXcBgOtbDekAcrOMmE=
-25,-4,kpLJf1KWHeRcRq+aIWcdltlRZxs=,cf9RfOtKAOYxJ+xSimhXlf/hZU8=
-24,-5,kpLJf1KWHeRcRq+aIWcdltlRZxs=,RuDHah/3z0+Q9SVP9AYfJfWj7Bw=
-25,-7,kpLJf1KWHeRcRq+aIWcdltlRZxs=,r904cc00ISXcBgOtbDekAcrOMmE=
-26,-4,kpLJf1KWHeRcRq+aIWcdltlRZxs=,cf9RfOtKAOYxJ+xSimhXlf/hZU8=
-27,-8,kpLJf1KWHeRcRq+aIWcdltlRZxs=,r904cc00ISXcBgOtbDekAcrOMmE=
-26,-7,kpLJf1KWHeRcRq+aIWcdltlRZxs=,r904cc00ISXcBgOtbDekAcrOMmE=
-25,-9,kpLJf1KWHeRcRq+aIWcdltlRZxs=,d5D3yKsAh3GyQFhItZWUOL6JB/0=
-29,-8,kpLJf1KWHeRcRq+aIWcdltlRZxs=,6qDjKjGjcpExZQMtuD8uYRGH9pQ=
-27,-7,kpLJf1KWHeRcRq+aIWcdltlRZxs=,r904cc00ISXcBgOtbDekAcrOMmE=
-30,-8,kpLJf1KWHeRcRq+aIWcdltlRZxs=,6qDjKjGjcpExZQMtuD8uYRGH9pQ=
-30,-7,kpLJf1KWHeRcRq+aIWcdltlRZxs=,6qDjKjGjcpExZQMtuD8uYRGH9pQ=
-30,-9,kpLJf1KWHeRcRq+aIWcdltlRZxs=,fLXCZXpik/VIxz1ARmc6aZC60zw=
-24,-6,kpLJf1KWHeRcRq+aIWcdltlRZxs=,RuDHah/3z0+Q9SVP9AYfJfWj7Bw=
-28,-2,kpLJf1KWHeRcRq+aIWcdltlRZxs=,cf9RfOtKAOYxJ+xSimhXlf/hZU8=
-21,-7,kpLJf1KWHeRcRq+aIWcdltlRZxs=,RuDHah/3z0+Q9SVP9AYfJfWj7Bw=
-25,-8,kpLJf1KWHeRcRq+aIWcdltlRZxs=,r904cc00ISXcBgOtbDekAcrOMmE=
-26,-8,kpLJf1KWHeRcRq+aIWcdltlRZxs=,r904cc00ISXcBgOtbDekAcrOMmE=
-21,-8,kpLJf1KWHeRcRq+aIWcdltlRZxs=,RuDHah/3z0+Q9SVP9AYfJfWj7Bw=
-28,-8,kpLJf1KWHeRcRq+aIWcdltlRZxs=,r904cc00ISXcBgOtbDekAcrOMmE=
-29,-7,kpLJf1KWHeRcRq+aIWcdltlRZxs=,6qDjKjGjcpExZQMtuD8uYRGH9pQ=
-28,-5,kpLJf1KWHeRcRq+aIWcdltlRZxs=,r904cc00ISXcBgOtbDekAcrOMmE=
-29,-9,kpLJf1KWHeRcRq+aIWcdltlRZxs=,fLXCZXpik/VIxz1ARmc6aZC60zw=
-28,-7,kpLJf1KWHeRcRq+aIWcdltlRZxs=,r904cc00ISXcBgOtbDekAcrOMmE=
-23,-8,kpLJf1KWHeRcRq+aIWcdltlRZxs=,RuDHah/3z0+Q9SVP9AYfJfWj7Bw=
-20,-8,kpLJf1KWHeRcRq+aIWcdltlRZxs=,HJDJLzEfIjpQTSEFB04DJlpd+2U=
-22,-8,kpLJf1KWHeRcRq+aIWcdltlRZxs=,RuDHah/3z0+Q9SVP9AYfJfWj7Bw=
-28,-6,kpLJf1KWHeRcRq+aIWcdltlRZxs=,r904cc00ISXcBgOtbDekAcrOMmE=
-19,-7,kpLJf1KWHeRcRq+aIWcdltlRZxs=,HJDJLzEfIjpQTSEFB04DJlpd+2U=
-27,-6,kpLJf1KWHeRcRq+aIWcdltlRZxs=,r904cc00ISXcBgOtbDekAcrOMmE=
-23,-7,kpLJf1KWHeRcRq+aIWcdltlRZxs=,RuDHah/3z0+Q9SVP9AYfJfWj7Bw=
-19,-8,kpLJf1KWHeRcRq+aIWcdltlRZxs=,HJDJLzEfIjpQTSEFB04DJlpd+2U=
-22,-7,kpLJf1KWHeRcRq+aIWcdltlRZxs=,RuDHah/3z0+Q9SVP9AYfJfWj7Bw=
-27,-5,kpLJf1KWHeRcRq+aIWcdltlRZxs=,r904cc00ISXcBgOtbDekAcrOMmE=
-23,-5,kpLJf1KWHeRcRq+aIWcdltlRZxs=,RuDHah/3z0+Q9SVP9AYfJfWj7Bw=
-27,-4,kpLJf1KWHeRcRq+aIWcdltlRZxs=,cf9RfOtKAOYxJ+xSimhXlf/hZU8=
-21,-9,kpLJf1KWHeRcRq+aIWcdltlRZxs=,1sxG0KWdPOGxU8auebWyoWOJ3Rk=
-30,-6,kpLJf1KWHeRcRq+aIWcdltlRZxs=,6qDjKjGjcpExZQMtuD8uYRGH9pQ=
-20,-9,kpLJf1KWHeRcRq+aIWcdltlRZxs=,4dpevUwB3dGLdexjgk4+ob+aEFw=
-20,-7,kpLJf1KWHeRcRq+aIWcdltlRZxs=,HJDJLzEfIjpQTSEFB04DJlpd+2U=
-23,-6,kpLJf1KWHeRcRq+aIWcdltlRZxs=,RuDHah/3z0+Q9SVP9AYfJfWj7Bw=
-29,-6,kpLJf1KWHeRcRq+aIWcdltlRZxs=,6qDjKjGjcpExZQMtuD8uYRGH9pQ=
-29,-4,kpLJf1KWHeRcRq+aIWcdltlRZxs=,c+V+3Z/OfY3ayuweYEPYZQp2UDA=
-19,-9,kpLJf1KWHeRcRq+aIWcdltlRZxs=,4dpevUwB3dGLdexjgk4+ob+aEFw=
-28,-3,kpLJf1KWHeRcRq+aIWcdltlRZxs=,cf9RfOtKAOYxJ+xSimhXlf/hZU8=
-29,-2,kpLJf1KWHeRcRq+aIWcdltlRZxs=,c+V+3Z/OfY3ayuweYEPYZQp2UDA=
-30,-4,kpLJf1KWHeRcRq+aIWcdltlRZxs=,c+V+3Z/OfY3ayuweYEPYZQp2UDA=
-29,-5,kpLJf1KWHeRcRq+aIWcdltlRZxs=,6qDjKjGjcpExZQMtuD8uYRGH9pQ=
-29,-3,kpLJf1KWHeRcRq+aIWcdltlRZxs=,c+V+3Z/OfY3ayuweYEPYZQp2UDA=
-28,-4,kpLJf1KWHeRcRq+aIWcdltlRZxs=,cf9RfOtKAOYxJ+xSimhXlf/hZU8=
-30,-5,kpLJf1KWHeRcRq+aIWcdltlRZxs=,6qDjKjGjcpExZQMtuD8uYRGH9pQ=
-19,-15,kpLJf1KWHeRcRq+aIWcdltlRZxs=,3Vy97R87uQZ8x947VKyPmNDnZdA=
-18,-13,kpLJf1KWHeRcRq+aIWcdltlRZxs=,3Vy97R87uQZ8x947VKyPmNDnZdA=
-18,-12,kpLJf1KWHeRcRq+aIWcdltlRZxs=,4dpevUwB3dGLdexjgk4+ob+aEFw=
-19,-14,kpLJf1KWHeRcRq+aIWcdltlRZxs=,3Vy97R87uQZ8x947VKyPmNDnZdA=
-17,-15,wDiqtOtdYAAl5BA/5id4d38C3qg=,3Vy97R87uQZ8x947VKyPmNDnZdA=
-17,-14,wDiqtOtdYAAl5BA/5id4d38C3qg=,3Vy97R87uQZ8x947VKyPmNDnZdA=
-20,-15,wDiqtOtdYAAl5BA/5id4d38C3qg=,3Vy97R87uQZ8x947VKyPmNDnZdA=
-20,-12,wDiqtOtdYAAl5BA/5id4d38C3qg=,4dpevUwB3dGLdexjgk4+ob+aEFw=
-20,-14,wDiqtOtdYAAl5BA/5id4d38C3qg=,3Vy97R87uQZ8x947VKyPmNDnZdA=
-23,-12,wDiqtOtdYAAl5BA/5id4d38C3qg=,1sxG0KWdPOGxU8auebWyoWOJ3Rk=
-22,-12,wDiqtOtdYAAl5BA/5id4d38C3qg=,1sxG0KWdPOGxU8auebWyoWOJ3Rk=
-20,-13,wDiqtOtdYAAl5BA/5id4d38C3qg=,3Vy97R87uQZ8x947VKyPmNDnZdA=
-21,-12,wDiqtOtdYAAl5BA/5id4d38C3qg=,1sxG0KWdPOGxU8auebWyoWOJ3Rk=
-19,-16,wDiqtOtdYAAl5BA/5id4d38C3qg=,3Vy97R87uQZ8x947VKyPmNDnZdA=
-18,-16,wDiqtOtdYAAl5BA/5id4d38C3qg=,3Vy97R87uQZ8x947VKyPmNDnZdA=
-17,-16,wDiqtOtdYAAl5BA/5id4d38C3qg=,3Vy97R87uQZ8x947VKyPmNDnZdA=
-17,-1,wDiqtOtdYAAl5BA/5id4d38C3qg=,Jd5CtyNodnlr3eLH47DqOyT7l6k=
-30,-3,wDiqtOtdYAAl5BA/5id4d38C3qg=,c+V+3Z/OfY3ayuweYEPYZQp2UDA=
-27,-12,wDiqtOtdYAAl5BA/5id4d38C3qg=,d5D3yKsAh3GyQFhItZWUOL6JB/0=
-26,-12,wDiqtOtdYAAl5BA/5id4d38C3qg=,d5D3yKsAh3GyQFhItZWUOL6JB/0=
-25,-12,wDiqtOtdYAAl5BA/5id4d38C3qg=,d5D3yKsAh3GyQFhItZWUOL6JB/0=
-21,-4,wDiqtOtdYAAl5BA/5id4d38C3qg=,Jd5CtyNodnlr3eLH47DqOyT7l6k=
-24,-12,wDiqtOtdYAAl5BA/5id4d38C3qg=,1sxG0KWdPOGxU8auebWyoWOJ3Rk=
-17,-3,wDiqtOtdYAAl5BA/5id4d38C3qg=,Jd5CtyNodnlr3eLH47DqOyT7l6k=
-21,-5,wDiqtOtdYAAl5BA/5id4d38C3qg=,RuDHah/3z0+Q9SVP9AYfJfWj7Bw=
-17,-12,wDiqtOtdYAAl5BA/5id4d38C3qg=,4dpevUwB3dGLdexjgk4+ob+aEFw=
-17,-13,wDiqtOtdYAAl5BA/5id4d38C3qg=,3Vy97R87uQZ8x947VKyPmNDnZdA=
-18,-1,wDiqtOtdYAAl5BA/5id4d38C3qg=,Jd5CtyNodnlr3eLH47DqOyT7l6k=
-21,-3,wDiqtOtdYAAl5BA/5id4d38C3qg=,Jd5CtyNodnlr3eLH47DqOyT7l6k=
-20,-3,wDiqtOtdYAAl5BA/5id4d38C3qg=,Jd5CtyNodnlr3eLH47DqOyT7l6k=
-17,-2,wDiqtOtdYAAl5BA/5id4d38C3qg=,Jd5CtyNodnlr3eLH47DqOyT7l6k=
-22,-5,wDiqtOtdYAAl5BA/5id4d38C3qg=,RuDHah/3z0+Q9SVP9AYfJfWj7Bw=
-22,-6,wDiqtOtdYAAl5BA/5id4d38C3qg=,RuDHah/3z0+Q9SVP9AYfJfWj7Bw=
-17,-6,wDiqtOtdYAAl5BA/5id4d38C3qg=,HJDJLzEfIjpQTSEFB04DJlpd+2U=
-18,-2,wDiqtOtdYAAl5BA/5id4d38C3qg=,Jd5CtyNodnlr3eLH47DqOyT7l6k=
-20,-5,wDiqtOtdYAAl5BA/5id4d38C3qg=,HJDJLzEfIjpQTSEFB04DJlpd+2U=
-19,-3,wDiqtOtdYAAl5BA/5id4d38C3qg=,Jd5CtyNodnlr3eLH47DqOyT7l6k=
-17,-4,wDiqtOtdYAAl5BA/5id4d38C3qg=,Jd5CtyNodnlr3eLH47DqOyT7l6k=
-17,-8,wDiqtOtdYAAl5BA/5id4d38C3qg=,HJDJLzEfIjpQTSEFB04DJlpd+2U=
-20,-4,wDiqtOtdYAAl5BA/5id4d38C3qg=,Jd5CtyNodnlr3eLH47DqOyT7l6k=
-17,-7,wDiqtOtdYAAl5BA/5id4d38C3qg=,HJDJLzEfIjpQTSEFB04DJlpd+2U=
-19,-4,wDiqtOtdYAAl5BA/5id4d38C3qg=,Jd5CtyNodnlr3eLH47DqOyT7l6k=
-18,-10,wDiqtOtdYAAl5BA/5id4d38C3qg=,4dpevUwB3dGLdexjgk4+ob+aEFw=
-17,-5,wDiqtOtdYAAl5BA/5id4d38C3qg=,HJDJLzEfIjpQTSEFB04DJlpd+2U=
-32,-10,wDiqtOtdYAAl5BA/5id4d38C3qg=,fLXCZXpik/VIxz1ARmc6aZC60zw=
-18,-6,wDiqtOtdYAAl5BA/5id4d38C3qg=,HJDJLzEfIjpQTSEFB04DJlpd+2U=
-19,-12,wDiqtOtdYAAl5BA/5id4d38C3qg=,4dpevUwB3dGLdexjgk4+ob+aEFw=
-18,-15,wDiqtOtdYAAl5BA/5id4d38C3qg=,3Vy97R87uQZ8x947VKyPmNDnZdA=
-18,-14,wDiqtOtdYAAl5BA/5id4d38C3qg=,3Vy97R87uQZ8x947VKyPmNDnZdA=
-19,-13,wDiqtOtdYAAl5BA/5id4d38C3qg=,3Vy97R87uQZ8x947VKyPmNDnZdA=
-17,-11,wDiqtOtdYAAl5BA/5id4d38C3qg=,4dpevUwB3dGLdexjgk4+ob+aEFw=
-28,-12,wDiqtOtdYAAl5BA/5id4d38C3qg=,d5D3yKsAh3GyQFhItZWUOL6JB/0=
-31,-12,wDiqtOtdYAAl5BA/5id4d38C3qg=,fLXCZXpik/VIxz1ARmc6aZC60zw=
-30,-12,wDiqtOtdYAAl5BA/5id4d38C3qg=,fLXCZXpik/VIxz1ARmc6aZC60zw=
-29,-12,wDiqtOtdYAAl5BA/5id4d38C3qg=,fLXCZXpik/VIxz1ARmc6aZC60zw=
-18,-3,wDiqtOtdYAAl5BA/5id4d38C3qg=,Jd5CtyNodnlr3eLH47DqOyT7l6k=
-19,-5,wDiqtOtdYAAl5BA/5id4d38C3qg=,HJDJLzEfIjpQTSEFB04DJlpd+2U=
-27,-1,wDiqtOtdYAAl5BA/5id4d38C3qg=,cf9RfOtKAOYxJ+xSimhXlf/hZU8=
-26,-1,wDiqtOtdYAAl5BA/5id4d38C3qg=,cf9RfOtKAOYxJ+xSimhXlf/hZU8=
-32,-8,wDiqtOtdYAAl5BA/5id4d38C3qg=,6qDjKjGjcpExZQMtuD8uYRGH9pQ=
-32,-9,wDiqtOtdYAAl5BA/5id4d38C3qg=,fLXCZXpik/VIxz1ARmc6aZC60zw=
-18,-5,wDiqtOtdYAAl5BA/5id4d38C3qg=,HJDJLzEfIjpQTSEFB04DJlpd+2U=
-18,-8,wDiqtOtdYAAl5BA/5id4d38C3qg=,HJDJLzEfIjpQTSEFB04DJlpd+2U=
-17,-10,wDiqtOtdYAAl5BA/5id4d38C3qg=,4dpevUwB3dGLdexjgk4+ob+aEFw=
-20,-6,wDiqtOtdYAAl5BA/5id4d38C3qg=,HJDJLzEfIjpQTSEFB04DJlpd+2U=
-18,-4,wDiqtOtdYAAl5BA/5id4d38C3qg=,Jd5CtyNodnlr3eLH47DqOyT7l6k=
-32,-7,wDiqtOtdYAAl5BA/5id4d38C3qg=,6qDjKjGjcpExZQMtuD8uYRGH9pQ=
-18,-9,wDiqtOtdYAAl5BA/5id4d38C3qg=,4dpevUwB3dGLdexjgk4+ob+aEFw=
-24,-1,wDiqtOtdYAAl5BA/5id4d38C3qg=,Jd5CtyNodnlr3eLH47DqOyT7l6k=
-23,-1,wDiqtOtdYAAl5BA/5id4d38C3qg=,Jd5CtyNodnlr3eLH47DqOyT7l6k=
-22,-1,wDiqtOtdYAAl5BA/5id4d38C3qg=,Jd5CtyNodnlr3eLH47DqOyT7l6k=
-25,-1,wDiqtOtdYAAl5BA/5id4d38C3qg=,cf9RfOtKAOYxJ+xSimhXlf/hZU8=
-17,-9,wDiqtOtdYAAl5BA/5id4d38C3qg=,4dpevUwB3dGLdexjgk4+ob+aEFw=
-32,-6,wDiqtOtdYAAl5BA/5id4d38C3qg=,6qDjKjGjcpExZQMtuD8uYRGH9pQ=
-21,-1,wDiqtOtdYAAl5BA/5id4d38C3qg=,Jd5CtyNodnlr3eLH47DqOyT7l6k=
-19,-6,wDiqtOtdYAAl5BA/5id4d38C3qg=,HJDJLzEfIjpQTSEFB04DJlpd+2U=
-20,-1,wDiqtOtdYAAl5BA/5id4d38C3qg=,Jd5CtyNodnlr3eLH47DqOyT7l6k=
-21,-6,wDiqtOtdYAAl5BA/5id4d38C3qg=,RuDHah/3z0+Q9SVP9AYfJfWj7Bw=
-31,-8,wDiqtOtdYAAl5BA/5id4d38C3qg=,6qDjKjGjcpExZQMtuD8uYRGH9pQ=
-31,-9,wDiqtOtdYAAl5BA/5id4d38C3qg=,fLXCZXpik/VIxz1ARmc6aZC60zw=
-31,-5,wDiqtOtdYAAl5BA/5id4d38C3qg=,6qDjKjGjcpExZQMtuD8uYRGH9pQ=
-18,-7,wDiqtOtdYAAl5BA/5id4d38C3qg=,HJDJLzEfIjpQTSEFB04DJlpd+2U=
-32,-12,wDiqtOtdYAAl5BA/5id4d38C3qg=,fLXCZXpik/VIxz1ARmc6aZC60zw=
-32,-11,wDiqtOtdYAAl5BA/5id4d38C3qg=,fLXCZXpik/VIxz1ARmc6aZC60zw=
-20,-16,wDiqtOtdYAAl5BA/5id4d38C3qg=,3Vy97R87uQZ8x947VKyPmNDnZdA=
-28,-1,wDiqtOtdYAAl5BA/5id4d38C3qg=,cf9RfOtKAOYxJ+xSimhXlf/hZU8=
-29,-1,wDiqtOtdYAAl5BA/5id4d38C3qg=,c+V+3Z/OfY3ayuweYEPYZQp2UDA=
-19,-1,wDiqtOtdYAAl5BA/5id4d38C3qg=,Jd5CtyNodnlr3eLH47DqOyT7l6k=
-19,-2,wDiqtOtdYAAl5BA/5id4d38C3qg=,Jd5CtyNodnlr3eLH47DqOyT7l6k=
-31,-6,wDiqtOtdYAAl5BA/5id4d38C3qg=,6qDjKjGjcpExZQMtuD8uYRGH9pQ=
-31,-7,wDiqtOtdYAAl5BA/5id4d38C3qg=,6qDjKjGjcpExZQMtuD8uYRGH9pQ=
-32,-5,wDiqtOtdYAAl5BA/5id4d38C3qg=,6qDjKjGjcpExZQMtuD8uYRGH9pQ=
-32,-4,wDiqtOtdYAAl5BA/5id4d38C3qg=,c+V+3Z/OfY3ayuweYEPYZQp2UDA=
-31,-4,wDiqtOtdYAAl5BA/5id4d38C3qg=,c+V+3Z/OfY3ayuweYEPYZQp2UDA=
-20,-2,wDiqtOtdYAAl5BA/5id4d38C3qg=,Jd5CtyNodnlr3eLH47DqOyT7l6k=
-21,-2,wDiqtOtdYAAl5BA/5id4d38C3qg=,Jd5CtyNodnlr3eLH47DqOyT7l6k=
-32,-3,wDiqtOtdYAAl5BA/5id4d38C3qg=,c+V+3Z/OfY3ayuweYEPYZQp2UDA=
-30,-1,wDiqtOtdYAAl5BA/5id4d38C3qg=,c+V+3Z/OfY3ayuweYEPYZQp2UDA=
-30,-2,wDiqtOtdYAAl5BA/5id4d38C3qg=,c+V+3Z/OfY3ayuweYEPYZQp2UDA=
-31,-2,wDiqtOtdYAAl5BA/5id4d38C3qg=,c+V+3Z/OfY3ayuweYEPYZQp2UDA=
-31,-3,wDiqtOtdYAAl5BA/5id4d38C3qg=,c+V+3Z/OfY3ayuweYEPYZQp2UDA=
-32,-1,wDiqtOtdYAAl5BA/5id4d38C3qg=,c+V+3Z/OfY3ayuweYEPYZQp2UDA=
-32,-2,wDiqtOtdYAAl5BA/5id4d38C3qg=,c+V+3Z/OfY3ayuweYEPYZQp2UDA=
-31,-1,wDiqtOtdYAAl5BA/5id4d38C3qg=,c+V+3Z/OfY3ayuweYEPYZQp2UDA=
