22,-7,qDoYngnwlLEr2QWO8AFNfTrCXWc=,qKwEb+kE51Jb8iloVM1HMvLXhtY=
22,-6,qDoYngnwlLEr2QWO8AFNfTrCXWc=,qKwEb+kE51Jb8iloVM1HMvLXhtY=
19,-4,qDoYngnwlLEr2QWO8AFNfTrCXWc=,tsJCumLg9XVo/5Xn8dLG80rKJ4c=
18,-4,qDoYngnwlLEr2QWO8AFNfTrCXWc=,tsJCumLg9XVo/5Xn8dLG80rKJ4c=
20,-4,qDoYngnwlLEr2QWO8AFNfTrCXWc=,tUlUsa/qxcAY2o35zya7yY7RyPI=
22,-10,qDoYngnwlLEr2QWO8AFNfTrCXWc=,mYtrDIb9CnEWuYxA4IKtJ6LmdFU=
21,-8,qDoYngnwlLEr2QWO8AFNfTrCXWc=,qKwEb+kE51Jb8iloVM1HMvLXhtY=
22,-8,qDoYngnwlLEr2QWO8AFNfTrCXWc=,qKwEb+kE51Jb8iloVM1HMvLXhtY=
22,-9,qDoYngnwlLEr2QWO8AFNfTrCXWc=,mYtrDIb9CnEWuYxA4IKtJ6LmdFU=
22,-11,qDoYngnwlLEr2QWO8AFNfTrCXWc=,mYtrDIb9CnEWuYxA4IKtJ6LmdFU=
20,-3,qDoYngnwlLEr2QWO8AFNfTrCXWc=,tUlUsa/qxcAY2o35zya7yY7RyPI=
19,-3,qDoYngnwlLEr2QWO8AFNfTrCXWc=,tsJCumLg9XVo/5Xn8dLG80rKJ4c=
18,-3,qDoYngnwlLEr2QWO8AFNfTrCXWc=,tsJCumLg9XVo/5Xn8dLG80rKJ4c=
21,-3,PI+w0q8lWlGViBw1O6uUqMvXzgA=,tUlUsa/qxcAY2o35zya7yY7RyPI=
21,-6,PI+w0q8lWlGViBw1O6uUqMvXzgA=,qKwEb+kE51Jb8iloVM1HMvLXhtY=
20,-5,PI+w0q8lWlGViBw1O6uUqMvXzgA=,qKwEb+kE51Jb8iloVM1HMvLXhtY=
21,-5,PI+w0q8lWlGViBw1O6uUqMvXzgA=,qKwEb+kE51Jb8iloVM1HMvLXhtY=
22,-15,PI+w0q8lWlGViBw1O6uUqMvXzgA=,Yd7b+Hk+k3iNJwyN0hWxd/Zgm0M=
22,-14,PI+w0q8lWlGViBw1O6uUqMvXzgA=,Yd7b+Hk+k3iNJwyN0hWxd/Zgm0M=
22,-12,PI+w0q8lWlGViBw1O6uUqMvXzgA=,mYtrDIb9CnEWuYxA4IKtJ6LmdFU=
22,-13,PI+w0q8lWlGViBw1O6uUqMvXzgA=,Yd7b+Hk+k3iNJwyN0hWxd/Zgm0M=
23,-15,PI+w0q8lWlGViBw1O6uUqMvXzgA=,Yd7b+Hk+k3iNJwyN0hWxd/Zgm0M=
23,-14,PI+w0q8lWlGViBw1O6uUqMvXzgA=,Yd7b+Hk+k3iNJwyN0hWxd/Zgm0M=
18,-5,PI+w0q8lWlGViBw1O6uUqMvXzgA=,2Hzyfkz0c6I2DFQ9dnmLc2w2IUc=
22,-16,PI+w0q8lWlGViBw1O6uUqMvXzgA=,Yd7b+Hk+k3iNJwyN0hWxd/Zgm0M=
23,-16,PI+w0q8lWlGViBw1O6uUqMvXzgA=,Yd7b+Hk+k3iNJwyN0hWxd/Zgm0M=
20,-7,PI+w0q8lWlGViBw1O6uUqMvXzgA=,qKwEb+kE51Jb8iloVM1HMvLXhtY=
21,-7,PI+w0q8lWlGViBw1O6uUqMvXzgA=,qKwEb+kE51Jb8iloVM1HMvLXhtY=
18,-7,PI+w0q8lWlGViBw1O6uUqMvXzgA=,2Hzyfkz0c6I2DFQ9dnmLc2w2IUc=
21,-4,PI+w0q8lWlGViBw1O6uUqMvXzgA=,tUlUsa/qxcAY2o35zya7yY7RyPI=
19,-5,PI+w0q8lWlGViBw1O6uUqMvXzgA=,2Hzyfkz0c6I2DFQ9dnmLc2w2IUc=
20,-6,PI+w0q8lWlGViBw1O6uUqMvXzgA=,qKwEb+kE51Jb8iloVM1HMvLXhtY=
18,-8,PI+w0q8lWlGViBw1O6uUqMvXzgA=,2Hzyfkz0c6I2DFQ9dnmLc2w2IUc=
19,-7,PI+w0q8lWlGViBw1O6uUqMvXzgA=,2Hzyfkz0c6I2DFQ9dnmLc2w2IUc=
18,-6,PI+w0q8lWlGViBw1O6uUqMvXzgA=,2Hzyfkz0c6I2DFQ9dnmLc2w2IUc=
19,-6,PI+w0q8lWlGViBw1O6uUqMvXzgA=,2Hzyfkz0c6I2DFQ9dnmLc2w2IUc=
20,-8,PI+w0q8lWlGViBw1O6uUqMvXzgA=,qKwEb+kE51Jb8iloVM1HMvLXhtY=
29,-3,PI+w0q8lWlGViBw1O6uUqMvXzgA=,oqTP7kW0xq6FHMeVX3qdLRlJRHo=
30,-3,PI+w0q8lWlGViBw1O6uUqMvXzgA=,oqTP7kW0xq6FHMeVX3qdLRlJRHo=
29,-2,PI+w0q8lWlGViBw1O6uUqMvXzgA=,oqTP7kW0xq6FHMeVX3qdLRlJRHo=
30,-2,PI+w0q8lWlGViBw1O6uUqMvXzgA=,oqTP7kW0xq6FHMeVX3qdLRlJRHo=
21,-16,PI+w0q8lWlGViBw1O6uUqMvXzgA=,Yd7b+Hk+k3iNJwyN0hWxd/Zgm0M=
19,-10,PI+w0q8lWlGViBw1O6uUqMvXzgA=,tC7PZE59D9tOU5GgeQ5UMFxba5A=
16,-12,PI+w0q8lWlGViBw1O6uUqMvXzgA=,tC7PZE59D9tOU5GgeQ5UMFxba5A=
17,-11,PI+w0q8lWlGViBw1O6uUqMvXzgA=,tC7PZE59D9tOU5GgeQ5UMFxba5A=
16,-14,PI+w0q8lWlGViBw1O6uUqMvXzgA=,4eLyjgaiD5ygWUtT0bXQpqZuP0k=
17,-14,PI+w0q8lWlGViBw1O6uUqMvXzgA=,4eLyjgaiD5ygWUtT0bXQpqZuP0k=
16,-13,PI+w0q8lWlGViBw1O6uUqMvXzgA=,4eLyjgaiD5ygWUtT0bXQpqZuP0k=
17,-12,PI+w0q8lWlGViBw1O6uUqMvXzgA=,tC7PZE59D9tOU5GgeQ5UMFxba5A=
19,-8,PI+w0q8lWlGViBw1O6uUqMvXzgA=,2Hzyfkz0c6I2DFQ9dnmLc2w2IUc=
23,-10,PI+w0q8lWlGViBw1O6uUqMvXzgA=,mYtrDIb9CnEWuYxA4IKtJ6LmdFU=
23,-12,PI+w0q8lWlGViBw1O6uUqMvXzgA=,mYtrDIb9CnEWuYxA4IKtJ6LmdFU=
23,-11,PI+w0q8lWlGViBw1O6uUqMvXzgA=,mYtrDIb9CnEWuYxA4IKtJ6LmdFU=
23,-13,PI+w0q8lWlGViBw1O6uUqMvXzgA=,Yd7b+Hk+k3iNJwyN0hWxd/Zgm0M=
29,-4,PI+w0q8lWlGViBw1O6uUqMvXzgA=,oqTP7kW0xq6FHMeVX3qdLRlJRHo=
30,-4,PI+w0q8lWlGViBw1O6uUqMvXzgA=,oqTP7kW0xq6FHMeVX3qdLRlJRHo=
24,-6,PI+w0q8lWlGViBw1O6uUqMvXzgA=,zjAm4evemMzgl1IUF+SNbmUvXbw=
25,-6,PI+w0q8lWlGViBw1O6uUqMvXzgA=,zjAm4evemMzgl1IUF+SNbmUvXbw=
26,-6,PI+w0q8lWlGViBw1O6uUqMvXzgA=,zjAm4evemMzgl1IUF+SNbmUvXbw=
27,-6,PI+w0q8lWlGViBw1O6uUqMvXzgA=,zjAm4evemMzgl1IUF+SNbmUvXbw=
23,-8,PI+w0q8lWlGViBw1O6uUqMvXzgA=,qKwEb+kE51Jb8iloVM1HMvLXhtY=
23,-9,PI+w0q8lWlGViBw1O6uUqMvXzgA=,mYtrDIb9CnEWuYxA4IKtJ6LmdFU=
23,-6,PI+w0q8lWlGViBw1O6uUqMvXzgA=,qKwEb+kE51Jb8iloVM1HMvLXhtY=
24,-8,PI+w0q8lWlGViBw1O6uUqMvXzgA=,zjAm4evemMzgl1IUF+SNbmUvXbw=
25,-8,PI+w0q8lWlGViBw1O6uUqMvXzgA=,zjAm4evemMzgl1IUF+SNbmUvXbw=
26,-8,PI+w0q8lWlGViBw1O6uUqMvXzgA=,zjAm4evemMzgl1IUF+SNbmUvXbw=
24,-7,PI+w0q8lWlGViBw1O6uUqMvXzgA=,zjAm4evemMzgl1IUF+SNbmUvXbw=
25,-7,PI+w0q8lWlGViBw1O6uUqMvXzgA=,zjAm4evemMzgl1IUF+SNbmUvXbw=
26,-7,PI+w0q8lWlGViBw1O6uUqMvXzgA=,zjAm4evemMzgl1IUF+SNbmUvXbw=
21,-15,PI+w0q8lWlGViBw1O6uUqMvXzgA=,Yd7b+Hk+k3iNJwyN0hWxd/Zgm0M=
27,-7,PI+w0q8lWlGViBw1O6uUqMvXzgA=,zjAm4evemMzgl1IUF+SNbmUvXbw=
23,-7,PI+w0q8lWlGViBw1O6uUqMvXzgA=,qKwEb+kE51Jb8iloVM1HMvLXhtY=
20,-11,PI+w0q8lWlGViBw1O6uUqMvXzgA=,mYtrDIb9CnEWuYxA4IKtJ6LmdFU=
16,-11,PI+w0q8lWlGViBw1O6uUqMvXzgA=,tC7PZE59D9tOU5GgeQ5UMFxba5A=
17,-13,PI+w0q8lWlGViBw1O6uUqMvXzgA=,4eLyjgaiD5ygWUtT0bXQpqZuP0k=
20,-16,PI+w0q8lWlGViBw1O6uUqMvXzgA=,Yd7b+Hk+k3iNJwyN0hWxd/Zgm0M=
20,-15,PI+w0q8lWlGViBw1O6uUqMvXzgA=,Yd7b+Hk+k3iNJwyN0hWxd/Zgm0M=
18,-10,PI+w0q8lWlGViBw1O6uUqMvXzgA=,tC7PZE59D9tOU5GgeQ5UMFxba5A=
28,-3,PI+w0q8lWlGViBw1O6uUqMvXzgA=,oqTP7kW0xq6FHMeVX3qdLRlJRHo=
26,-3,PI+w0q8lWlGViBw1O6uUqMvXzgA=,UNNytIjMg+yUcnIBzdF70bcyGXo=
27,-3,PI+w0q8lWlGViBw1O6uUqMvXzgA=,UNNytIjMg+yUcnIBzdF70bcyGXo=
28,-4,PI+w0q8lWlGViBw1O6uUqMvXzgA=,oqTP7kW0xq6FHMeVX3qdLRlJRHo=
25,-5,PI+w0q8lWlGViBw1O6uUqMvXzgA=,zjAm4evemMzgl1IUF+SNbmUvXbw=
26,-5,PI+w0q8lWlGViBw1O6uUqMvXzgA=,zjAm4evemMzgl1IUF+SNbmUvXbw=
27,-5,PI+w0q8lWlGViBw1O6uUqMvXzgA=,zjAm4evemMzgl1IUF+SNbmUvXbw=
25,-4,PI+w0q8lWlGViBw1O6uUqMvXzgA=,UNNytIjMg+yUcnIBzdF70bcyGXo=
26,-4,PI+w0q8lWlGViBw1O6uUqMvXzgA=,UNNytIjMg+yUcnIBzdF70bcyGXo=
19,-16,PI+w0q8lWlGViBw1O6uUqMvXzgA=,4eLyjgaiD5ygWUtT0bXQpqZuP0k=
19,-11,PI+w0q8lWlGViBw1O6uUqMvXzgA=,tC7PZE59D9tOU5GgeQ5UMFxba5A=
23,-5,PI+w0q8lWlGViBw1O6uUqMvXzgA=,qKwEb+kE51Jb8iloVM1HMvLXhtY=
18,-16,PI+w0q8lWlGViBw1O6uUqMvXzgA=,4eLyjgaiD5ygWUtT0bXQpqZuP0k=
21,-9,PI+w0q8lWlGViBw1O6uUqMvXzgA=,mYtrDIb9CnEWuYxA4IKtJ6LmdFU=
27,-4,PI+w0q8lWlGViBw1O6uUqMvXzgA=,UNNytIjMg+yUcnIBzdF70bcyGXo=
21,-10,PI+w0q8lWlGViBw1O6uUqMvXzgA=,mYtrDIb9CnEWuYxA4IKtJ6LmdFU=
24,-1,PI+w0q8lWlGViBw1O6uUqMvXzgA=,UNNytIjMg+yUcnIBzdF70bcyGXo=
18,-13,PI+w0q8lWlGViBw1O6uUqMvXzgA=,4eLyjgaiD5ygWUtT0bXQpqZuP0k=
20,-10,PI+w0q8lWlGViBw1O6uUqMvXzgA=,mYtrDIb9CnEWuYxA4IKtJ6LmdFU=
21,-11,PI+w0q8lWlGViBw1O6uUqMvXzgA=,mYtrDIb9CnEWuYxA4IKtJ6LmdFU=
18,-14,PI+w0q8lWlGViBw1O6uUqMvXzgA=,4eLyjgaiD5ygWUtT0bXQpqZuP0k=
18,-9,PI+w0q8lWlGViBw1O6uUqMvXzgA=,tC7PZE59D9tOU5GgeQ5UMFxba5A=
18,-12,PI+w0q8lWlGViBw1O6uUqMvXzgA=,tC7PZE59D9tOU5GgeQ5UMFxba5A=
17,-16,PI+w0q8lWlGViBw1O6uUqMvXzgA=,4eLyjgaiD5ygWUtT0bXQpqZuP0k=
23,-3,PI+w0q8lWlGViBw1O6uUqMvXzgA=,tUlUsa/qxcAY2o35zya7yY7RyPI=
25,-1,PI+w0q8lWlGViBw1O6uUqMvXzgA=,UNNytIjMg+yUcnIBzdF70bcyGXo=
16,-15,PI+w0q8lWlGViBw1O6uUqMvXzgA=,4eLyjgaiD5ygWUtT0bXQpqZuP0k=
24,-4,Vbn3ff5hoNEoyN++mZhbSKHLnbY=,UNNytIjMg+yUcnIBzdF70bcyGXo=
25,-2,Vbn3ff5hoNEoyN++mZhbSKHLnbY=,UNNytIjMg+yUcnIBzdF70bcyGXo=
18,-11,Vbn3ff5hoNEoyN++mZhbSKHLnbY=,tC7PZE59D9tOU5GgeQ5UMFxba5A=
19,-15,Vbn3ff5hoNEoyN++mZhbSKHLnbY=,4eLyjgaiD5ygWUtT0bXQpqZuP0k=
22,-4,Vbn3ff5hoNEoyN++mZhbSKHLnbY=,tUlUsa/qxcAY2o35zya7yY7RyPI=
23,-4,Vbn3ff5hoNEoyN++mZhbSKHLnbY=,tUlUsa/qxcAY2o35zya7yY7RyPI=
31,-3,Vbn3ff5hoNEoyN++mZhbSKHLnbY=,oqTP7kW0xq6FHMeVX3qdLRlJRHo=
31,-2,Vbn3ff5hoNEoyN++mZhbSKHLnbY=,oqTP7kW0xq6FHMeVX3qdLRlJRHo=
31,-4,Vbn3ff5hoNEoyN++mZhbSKHLnbY=,oqTP7kW0xq6FHMeVX3qdLRlJRHo=
27,-8,Vbn3ff5hoNEoyN++mZhbSKHLnbY=,zjAm4evemMzgl1IUF+SNbmUvXbw=
19,-12,Vbn3ff5hoNEoyN++mZhbSKHLnbY=,tC7PZE59D9tOU5GgeQ5UMFxba5A=
20,-9,Vbn3ff5hoNEoyN++mZhbSKHLnbY=,mYtrDIb9CnEWuYxA4IKtJ6LmdFU=
24,-2,Vbn3ff5hoNEoyN++mZhbSKHLnbY=,UNNytIjMg+yUcnIBzdF70bcyGXo=
22,-3,Vbn3ff5hoNEoyN++mZhbSKHLnbY=,tUlUsa/qxcAY2o35zya7yY7RyPI=
24,-5,Vbn3ff5hoNEoyN++mZhbSKHLnbY=,zjAm4evemMzgl1IUF+SNbmUvXbw=
20,-14,Vbn3ff5hoNEoyN++mZhbSKHLnbY=,Yd7b+Hk+k3iNJwyN0hWxd/Zgm0M=
25,-3,Vbn3ff5hoNEoyN++mZhbSKHLnbY=,UNNytIjMg+yUcnIBzdF70bcyGXo=
16,-1,Vbn3ff5hoNEoyN++mZhbSKHLnbY=,tsJCumLg9XVo/5Xn8dLG80rKJ4c=
16,-16,Vbn3ff5hoNEoyN++mZhbSKHLnbY=,4eLyjgaiD5ygWUtT0bXQpqZuP0k=
18,-15,Vbn3ff5hoNEoyN++mZhbSKHLnbY=,4eLyjgaiD5ygWUtT0bXQpqZuP0k=
16,-3,Vbn3ff5hoNEoyN++mZhbSKHLnbY=,tsJCumLg9XVo/5Xn8dLG80rKJ4c=
19,-9,Vbn3ff5hoNEoyN++mZhbSKHLnbY=,tC7PZE59D9tOU5GgeQ5UMFxba5A=
21,-2,Vbn3ff5hoNEoyN++mZhbSKHLnbY=,tUlUsa/qxcAY2o35zya7yY7RyPI=
19,-1,Vbn3ff5hoNEoyN++mZhbSKHLnbY=,tsJCumLg9XVo/5Xn8dLG80rKJ4c=
22,-5,Vbn3ff5hoNEoyN++mZhbSKHLnbY=,qKwEb+kE51Jb8iloVM1HMvLXhtY=
26,-1,Vbn3ff5hoNEoyN++mZhbSKHLnbY=,UNNytIjMg+yUcnIBzdF70bcyGXo=
17,-6,Vbn3ff5hoNEoyN++mZhbSKHLnbY=,2Hzyfkz0c6I2DFQ9dnmLc2w2IUc=
16,-4,Vbn3ff5hoNEoyN++mZhbSKHLnbY=,tsJCumLg9XVo/5Xn8dLG80rKJ4c=
17,-4,Vbn3ff5hoNEoyN++mZhbSKHLnbY=,tsJCumLg9XVo/5Xn8dLG80rKJ4c=
16,-8,Vbn3ff5hoNEoyN++mZhbSKHLnbY=,2Hzyfkz0c6I2DFQ9dnmLc2w2IUc=
22,-2,Vbn3ff5hoNEoyN++mZhbSKHLnbY=,tUlUsa/qxcAY2o35zya7yY7RyPI=
16,-2,Vbn3ff5hoNEoyN++mZhbSKHLnbY=,tsJCumLg9XVo/5Xn8dLG80rKJ4c=
24,-3,Vbn3ff5hoNEoyN++mZhbSKHLnbY=,UNNytIjMg+yUcnIBzdF70bcyGXo=
27,-2,Vbn3ff5hoNEoyN++mZhbSKHLnbY=,UNNytIjMg+yUcnIBzdF70bcyGXo=
26,-2,Vbn3ff5hoNEoyN++mZhbSKHLnbY=,UNNytIjMg+yUcnIBzdF70bcyGXo=
28,-2,Vbn3ff5hoNEoyN++mZhbSKHLnbY=,oqTP7kW0xq6FHMeVX3qdLRlJRHo=
18,-1,Vbn3ff5hoNEoyN++mZhbSKHLnbY=,tsJCumLg9XVo/5Xn8dLG80rKJ4c=
20,-2,Vbn3ff5hoNEoyN++mZhbSKHLnbY=,tUlUsa/qxcAY2o35zya7yY7RyPI=
16,-6,Vbn3ff5hoNEoyN++mZhbSKHLnbY=,2Hzyfkz0c6I2DFQ9dnmLc2w2IUc=
17,-15,Vbn3ff5hoNEoyN++mZhbSKHLnbY=,4eLyjgaiD5ygWUtT0bXQpqZuP0k=
29,-1,Vbn3ff5hoNEoyN++mZhbSKHLnbY=,oqTP7kW0xq6FHMeVX3qdLRlJRHo=
31,-1,Vbn3ff5hoNEoyN++mZhbSKHLnbY=,oqTP7kW0xq6FHMeVX3qdLRlJRHo=
30,-1,Vbn3ff5hoNEoyN++mZhbSKHLnbY=,oqTP7kW0xq6FHMeVX3qdLRlJRHo=
17,-1,Vbn3ff5hoNEoyN++mZhbSKHLnbY=,tsJCumLg9XVo/5Xn8dLG80rKJ4c=
16,-5,Vbn3ff5hoNEoyN++mZhbSKHLnbY=,2Hzyfkz0c6I2DFQ9dnmLc2w2IUc=
17,-3,Vbn3ff5hoNEoyN++mZhbSKHLnbY=,tsJCumLg9XVo/5Xn8dLG80rKJ4c=
28,-1,Vbn3ff5hoNEoyN++mZhbSKHLnbY=,oqTP7kW0xq6FHMeVX3qdLRlJRHo=
21,-13,Vbn3ff5hoNEoyN++mZhbSKHLnbY=,Yd7b+Hk+k3iNJwyN0hWxd/Zgm0M=
27,-1,Vbn3ff5hoNEoyN++mZhbSKHLnbY=,UNNytIjMg+yUcnIBzdF70bcyGXo=
17,-2,Vbn3ff5hoNEoyN++mZhbSKHLnbY=,tsJCumLg9XVo/5Xn8dLG80rKJ4c=
16,-7,Vbn3ff5hoNEoyN++mZhbSKHLnbY=,2Hzyfkz0c6I2DFQ9dnmLc2w2IUc=
18,-2,Vbn3ff5hoNEoyN++mZhbSKHLnbY=,tsJCumLg9XVo/5Xn8dLG80rKJ4c=
17,-7,Vbn3ff5hoNEoyN++mZhbSKHLnbY=,2Hzyfkz0c6I2DFQ9dnmLc2w2IUc=
21,-14,Vbn3ff5hoNEoyN++mZhbSKHLnbY=,Yd7b+Hk+k3iNJwyN0hWxd/Zgm0M=
20,-12,Vbn3ff5hoNEoyN++mZhbSKHLnbY=,mYtrDIb9CnEWuYxA4IKtJ6LmdFU=
17,-5,Vbn3ff5hoNEoyN++mZhbSKHLnbY=,2Hzyfkz0c6I2DFQ9dnmLc2w2IUc=
21,-12,Vbn3ff5hoNEoyN++mZhbSKHLnbY=,mYtrDIb9CnEWuYxA4IKtJ6LmdFU=
20,-1,Vbn3ff5hoNEoyN++mZhbSKHLnbY=,tUlUsa/qxcAY2o35zya7yY7RyPI=
16,-10,Vbn3ff5hoNEoyN++mZhbSKHLnbY=,tC7PZE59D9tOU5GgeQ5UMFxba5A=
19,-2,Vbn3ff5hoNEoyN++mZhbSKHLnbY=,tsJCumLg9XVo/5Xn8dLG80rKJ4c=
16,-9,Vbn3ff5hoNEoyN++mZhbSKHLnbY=,tC7PZE59D9tOU5GgeQ5UMFxba5A=
23,-2,Vbn3ff5hoNEoyN++mZhbSKHLnbY=,tUlUsa/qxcAY2o35zya7yY7RyPI=
20,-13,Vbn3ff5hoNEoyN++mZhbSKHLnbY=,Yd7b+Hk+k3iNJwyN0hWxd/Zgm0M=
17,-9,Vbn3ff5hoNEoyN++mZhbSKHLnbY=,tC7PZE59D9tOU5GgeQ5UMFxba5A=
21,-1,Vbn3ff5hoNEoyN++mZhbSKHLnbY=,tUlUsa/qxcAY2o35zya7yY7RyPI=
19,-14,Vbn3ff5hoNEoyN++mZhbSKHLnbY=,4eLyjgaiD5ygWUtT0bXQpqZuP0k=
23,-1,Vbn3ff5hoNEoyN++mZhbSKHLnbY=,tUlUsa/qxcAY2o35zya7yY7RyPI=
22,-1,Vbn3ff5hoNEoyN++mZhbSKHLnbY=,tUlUsa/qxcAY2o35zya7yY7RyPI=
19,-13,Vbn3ff5hoNEoyN++mZhbSKHLnbY=,4eLyjgaiD5ygWUtT0bXQpqZuP0k=
17,-10,Vbn3ff5hoNEoyN++mZhbSKHLnbY=,tC7PZE59D9tOU5GgeQ5UMFxba5A=
17,-8,Vbn3ff5hoNEoyN++mZhbSKHLnbY=,2Hzyfkz0c6I2DFQ9dnmLc2w2IUc=
22,-18,V8xv1T9d2KECYmuxbuJGNo1+J2o=,FKIHIoohkwEUWWKkPEP+9nQZMUM=
21,-20,V8xv1T9d2KECYmuxbuJGNo1+J2o=,FKIHIoohkwEUWWKkPEP+9nQZMUM=
22,-20,V8xv1T9d2KECYmuxbuJGNo1+J2o=,FKIHIoohkwEUWWKkPEP+9nQZMUM=
21,-19,V8xv1T9d2KECYmuxbuJGNo1+J2o=,FKIHIoohkwEUWWKkPEP+9nQZMUM=
22,-19,V8xv1T9d2KECYmuxbuJGNo1+J2o=,FKIHIoohkwEUWWKkPEP+9nQZMUM=
21,-18,V8xv1T9d2KECYmuxbuJGNo1+J2o=,FKIHIoohkwEUWWKkPEP+9nQZMUM=
21,-17,V8xv1T9d2KECYmuxbuJGNo1+J2o=,FKIHIoohkwEUWWKkPEP+9nQZMUM=
22,-17,V8xv1T9d2KECYmuxbuJGNo1+J2o=,FKIHIoohkwEUWWKkPEP+9nQZMUM=
23,-18,V8xv1T9d2KECYmuxbuJGNo1+J2o=,FKIHIoohkwEUWWKkPEP+9nQZMUM=
23,-19,V8xv1T9d2KECYmuxbuJGNo1+J2o=,FKIHIoohkwEUWWKkPEP+9nQZMUM=
23,-17,V8xv1T9d2KECYmuxbuJGNo1+J2o=,FKIHIoohkwEUWWKkPEP+9nQZMUM=
23,-20,V8xv1T9d2KECYmuxbuJGNo1+J2o=,FKIHIoohkwEUWWKkPEP+9nQZMUM=
20,-20,V8xv1T9d2KECYmuxbuJGNo1+J2o=,FKIHIoohkwEUWWKkPEP+9nQZMUM=
19,-19,V8xv1T9d2KECYmuxbuJGNo1+J2o=,BwqQkXlmxIyX/Fm/50WQhiCkWbw=
19,-20,V8xv1T9d2KECYmuxbuJGNo1+J2o=,BwqQkXlmxIyX/Fm/50WQhiCkWbw=
18,-20,V8xv1T9d2KECYmuxbuJGNo1+J2o=,BwqQkXlmxIyX/Fm/50WQhiCkWbw=
20,-18,V8xv1T9d2KECYmuxbuJGNo1+J2o=,FKIHIoohkwEUWWKkPEP+9nQZMUM=
20,-19,V8xv1T9d2KECYmuxbuJGNo1+J2o=,FKIHIoohkwEUWWKkPEP+9nQZMUM=
17,-20,V8xv1T9d2KECYmuxbuJGNo1+J2o=,BwqQkXlmxIyX/Fm/50WQhiCkWbw=
16,-20,V8xv1T9d2KECYmuxbuJGNo1+J2o=,BwqQkXlmxIyX/Fm/50WQhiCkWbw=
19,-18,V8xv1T9d2KECYmuxbuJGNo1+J2o=,BwqQkXlmxIyX/Fm/50WQhiCkWbw=
20,-17,V8xv1T9d2KECYmuxbuJGNo1+J2o=,FKIHIoohkwEUWWKkPEP+9nQZMUM=
18,-19,V8xv1T9d2KECYmuxbuJGNo1+J2o=,BwqQkXlmxIyX/Fm/50WQhiCkWbw=
18,-17,V8xv1T9d2KECYmuxbuJGNo1+J2o=,BwqQkXlmxIyX/Fm/50WQhiCkWbw=
19,-17,V8xv1T9d2KECYmuxbuJGNo1+J2o=,BwqQkXlmxIyX/Fm/50WQhiCkWbw=
18,-18,V8xv1T9d2KECYmuxbuJGNo1+J2o=,BwqQkXlmxIyX/Fm/50WQhiCkWbw=
16,-19,V8xv1T9d2KECYmuxbuJGNo1+J2o=,BwqQkXlmxIyX/Fm/50WQhiCkWbw=
17,-19,V8xv1T9d2KECYmuxbuJGNo1+J2o=,BwqQkXlmxIyX/Fm/50WQhiCkWbw=
17,-17,V8xv1T9d2KECYmuxbuJGNo1+J2o=,BwqQkXlmxIyX/Fm/50WQhiCkWbw=
16,-18,V8xv1T9d2KECYmuxbuJGNo1+J2o=,BwqQkXlmxIyX/Fm/50WQhiCkWbw=
17,-18,V8xv1T9d2KECYmuxbuJGNo1+J2o=,BwqQkXlmxIyX/Fm/50WQhiCkWbw=
16,-17,V8xv1T9d2KECYmuxbuJGNo1+J2o=,BwqQkXlmxIyX/Fm/50WQhiCkWbw=
5,-23,Z7tb/+tjz59CVTVRMSgb15PmmT4=,gUUDufCiyHTuMorLn4W1xe63m48=
6,-23,Z7tb/+tjz59CVTVRMSgb15PmmT4=,gUUDufCiyHTuMorLn4W1xe63m48=
5,-22,Z7tb/+tjz59CVTVRMSgb15PmmT4=,gUUDufCiyHTuMorLn4W1xe63m48=
6,-22,Z7tb/+tjz59CVTVRMSgb15PmmT4=,gUUDufCiyHTuMorLn4W1xe63m48=
9,-19,Z7tb/+tjz59CVTVRMSgb15PmmT4=,/pHlloQX9aN7BjelTLNMKUSSGyM=
10,-19,Z7tb/+tjz59CVTVRMSgb15PmmT4=,/pHlloQX9aN7BjelTLNMKUSSGyM=
10,-18,Z7tb/+tjz59CVTVRMSgb15PmmT4=,/pHlloQX9aN7BjelTLNMKUSSGyM=
4,-23,Z7tb/+tjz59CVTVRMSgb15PmmT4=,gUUDufCiyHTuMorLn4W1xe63m48=
3,-23,Z7tb/+tjz59CVTVRMSgb15PmmT4=,S8ct7YZobDoKrD/uniWScTj19qc=
9,-21,Z7tb/+tjz59CVTVRMSgb15PmmT4=,0A8/KevUwZdSj9Ctv/05uv7l1ek=
10,-20,Z7tb/+tjz59CVTVRMSgb15PmmT4=,/pHlloQX9aN7BjelTLNMKUSSGyM=
10,-21,Z7tb/+tjz59CVTVRMSgb15PmmT4=,0A8/KevUwZdSj9Ctv/05uv7l1ek=
10,-23,Z7tb/+tjz59CVTVRMSgb15PmmT4=,0A8/KevUwZdSj9Ctv/05uv7l1ek=
8,-22,Z7tb/+tjz59CVTVRMSgb15PmmT4=,0A8/KevUwZdSj9Ctv/05uv7l1ek=
7,-23,Z7tb/+tjz59CVTVRMSgb15PmmT4=,gUUDufCiyHTuMorLn4W1xe63m48=
8,-23,Z7tb/+tjz59CVTVRMSgb15PmmT4=,0A8/KevUwZdSj9Ctv/05uv7l1ek=
9,-22,Z7tb/+tjz59CVTVRMSgb15PmmT4=,0A8/KevUwZdSj9Ctv/05uv7l1ek=
10,-22,Z7tb/+tjz59CVTVRMSgb15PmmT4=,0A8/KevUwZdSj9Ctv/05uv7l1ek=
9,-23,Z7tb/+tjz59CVTVRMSgb15PmmT4=,0A8/KevUwZdSj9Ctv/05uv7l1ek=
9,-20,Z7tb/+tjz59CVTVRMSgb15PmmT4=,/pHlloQX9aN7BjelTLNMKUSSGyM=
7,-22,Z7tb/+tjz59CVTVRMSgb15PmmT4=,gUUDufCiyHTuMorLn4W1xe63m48=
5,-24,Z7tb/+tjz59CVTVRMSgb15PmmT4=,gUUDufCiyHTuMorLn4W1xe63m48=
6,-24,Z7tb/+tjz59CVTVRMSgb15PmmT4=,gUUDufCiyHTuMorLn4W1xe63m48=
8,-21,Z7tb/+tjz59CVTVRMSgb15PmmT4=,0A8/KevUwZdSj9Ctv/05uv7l1ek=
8,-19,Z7tb/+tjz59CVTVRMSgb15PmmT4=,/pHlloQX9aN7BjelTLNMKUSSGyM=
7,-20,Z7tb/+tjz59CVTVRMSgb15PmmT4=,wdL4fZZuQQVpzi1mEM31talReAc=
4,-24,Z7tb/+tjz59CVTVRMSgb15PmmT4=,gUUDufCiyHTuMorLn4W1xe63m48=
1,-25,Z7tb/+tjz59CVTVRMSgb15PmmT4=,FjTQawwgo/KpzMrW4DxuShEoSJM=
2,-25,Z7tb/+tjz59CVTVRMSgb15PmmT4=,FjTQawwgo/KpzMrW4DxuShEoSJM=
3,-25,Z7tb/+tjz59CVTVRMSgb15PmmT4=,FjTQawwgo/KpzMrW4DxuShEoSJM=
2,-23,Z7tb/+tjz59CVTVRMSgb15PmmT4=,S8ct7YZobDoKrD/uniWScTj19qc=
1,-24,Z7tb/+tjz59CVTVRMSgb15PmmT4=,S8ct7YZobDoKrD/uniWScTj19qc=
2,-24,Z7tb/+tjz59CVTVRMSgb15PmmT4=,S8ct7YZobDoKrD/uniWScTj19qc=
3,-24,Z7tb/+tjz59CVTVRMSgb15PmmT4=,S8ct7YZobDoKrD/uniWScTj19qc=
1,-27,Z7tb/+tjz59CVTVRMSgb15PmmT4=,FjTQawwgo/KpzMrW4DxuShEoSJM=
2,-27,Z7tb/+tjz59CVTVRMSgb15PmmT4=,FjTQawwgo/KpzMrW4DxuShEoSJM=
3,-27,Z7tb/+tjz59CVTVRMSgb15PmmT4=,FjTQawwgo/KpzMrW4DxuShEoSJM=
1,-26,Z7tb/+tjz59CVTVRMSgb15PmmT4=,FjTQawwgo/KpzMrW4DxuShEoSJM=
2,-26,Z7tb/+tjz59CVTVRMSgb15PmmT4=,FjTQawwgo/KpzMrW4DxuShEoSJM=
3,-26,Z7tb/+tjz59CVTVRMSgb15PmmT4=,FjTQawwgo/KpzMrW4DxuShEoSJM=
4,-22,Z7tb/+tjz59CVTVRMSgb15PmmT4=,gUUDufCiyHTuMorLn4W1xe63m48=
6,-20,Z7tb/+tjz59CVTVRMSgb15PmmT4=,wdL4fZZuQQVpzi1mEM31talReAc=
5,-19,Z7tb/+tjz59CVTVRMSgb15PmmT4=,wdL4fZZuQQVpzi1mEM31talReAc=
5,-20,Z7tb/+tjz59CVTVRMSgb15PmmT4=,wdL4fZZuQQVpzi1mEM31talReAc=
8,-20,Z7tb/+tjz59CVTVRMSgb15PmmT4=,/pHlloQX9aN7BjelTLNMKUSSGyM=
4,-19,YI0R0nKV1+pu75a9s7cHF1cpRTY=,wdL4fZZuQQVpzi1mEM31talReAc=
7,-19,YI0R0nKV1+pu75a9s7cHF1cpRTY=,wdL4fZZuQQVpzi1mEM31talReAc=
6,-19,YI0R0nKV1+pu75a9s7cHF1cpRTY=,wdL4fZZuQQVpzi1mEM31talReAc=
5,-21,YI0R0nKV1+pu75a9s7cHF1cpRTY=,gUUDufCiyHTuMorLn4W1xe63m48=
6,-21,YI0R0nKV1+pu75a9s7cHF1cpRTY=,gUUDufCiyHTuMorLn4W1xe63m48=
7,-21,YI0R0nKV1+pu75a9s7cHF1cpRTY=,gUUDufCiyHTuMorLn4W1xe63m48=
3,-22,YI0R0nKV1+pu75a9s7cHF1cpRTY=,S8ct7YZobDoKrD/uniWScTj19qc=
1,-28,YI0R0nKV1+pu75a9s7cHF1cpRTY=,FjTQawwgo/KpzMrW4DxuShEoSJM=
2,-28,YI0R0nKV1+pu75a9s7cHF1cpRTY=,FjTQawwgo/KpzMrW4DxuShEoSJM=
3,-21,YI0R0nKV1+pu75a9s7cHF1cpRTY=,S8ct7YZobDoKrD/uniWScTj19qc=
2,-21,YI0R0nKV1+pu75a9s7cHF1cpRTY=,S8ct7YZobDoKrD/uniWScTj19qc=
2,-22,YI0R0nKV1+pu75a9s7cHF1cpRTY=,S8ct7YZobDoKrD/uniWScTj19qc=
4,-17,YI0R0nKV1+pu75a9s7cHF1cpRTY=,wdL4fZZuQQVpzi1mEM31talReAc=
0,-28,YI0R0nKV1+pu75a9s7cHF1cpRTY=,FjTQawwgo/KpzMrW4DxuShEoSJM=
0,-27,YI0R0nKV1+pu75a9s7cHF1cpRTY=,FjTQawwgo/KpzMrW4DxuShEoSJM=
11,-23,YI0R0nKV1+pu75a9s7cHF1cpRTY=,0A8/KevUwZdSj9Ctv/05uv7l1ek=
11,-22,YI0R0nKV1+pu75a9s7cHF1cpRTY=,0A8/KevUwZdSj9Ctv/05uv7l1ek=
4,-21,YI0R0nKV1+pu75a9s7cHF1cpRTY=,gUUDufCiyHTuMorLn4W1xe63m48=
0,-26,YI0R0nKV1+pu75a9s7cHF1cpRTY=,FjTQawwgo/KpzMrW4DxuShEoSJM=
0,-24,YI0R0nKV1+pu75a9s7cHF1cpRTY=,S8ct7YZobDoKrD/uniWScTj19qc=
1,-21,YI0R0nKV1+pu75a9s7cHF1cpRTY=,S8ct7YZobDoKrD/uniWScTj19qc=
1,-22,YI0R0nKV1+pu75a9s7cHF1cpRTY=,S8ct7YZobDoKrD/uniWScTj19qc=
0,-23,YI0R0nKV1+pu75a9s7cHF1cpRTY=,S8ct7YZobDoKrD/uniWScTj19qc=
0,-25,YI0R0nKV1+pu75a9s7cHF1cpRTY=,FjTQawwgo/KpzMrW4DxuShEoSJM=
1,-23,YI0R0nKV1+pu75a9s7cHF1cpRTY=,S8ct7YZobDoKrD/uniWScTj19qc=
0,-21,YI0R0nKV1+pu75a9s7cHF1cpRTY=,S8ct7YZobDoKrD/uniWScTj19qc=
0,-22,YI0R0nKV1+pu75a9s7cHF1cpRTY=,S8ct7YZobDoKrD/uniWScTj19qc=
5,-18,YI0R0nKV1+pu75a9s7cHF1cpRTY=,wdL4fZZuQQVpzi1mEM31talReAc=
4,-18,YI0R0nKV1+pu75a9s7cHF1cpRTY=,wdL4fZZuQQVpzi1mEM31talReAc=
4,-20,YI0R0nKV1+pu75a9s7cHF1cpRTY=,wdL4fZZuQQVpzi1mEM31talReAc=
3,-20,YI0R0nKV1+pu75a9s7cHF1cpRTY=,4lR3YSA1Y++4tr1XpeZzmy/B9cU=
5,-17,YI0R0nKV1+pu75a9s7cHF1cpRTY=,wdL4fZZuQQVpzi1mEM31talReAc=
1,-20,YI0R0nKV1+pu75a9s7cHF1cpRTY=,4lR3YSA1Y++4tr1XpeZzmy/B9cU=
1,-19,YI0R0nKV1+pu75a9s7cHF1cpRTY=,4lR3YSA1Y++4tr1XpeZzmy/B9cU=
2,-19,YI0R0nKV1+pu75a9s7cHF1cpRTY=,4lR3YSA1Y++4tr1XpeZzmy/B9cU=
12,-20,YI0R0nKV1+pu75a9s7cHF1cpRTY=,ukk8BrLi3YNuTz+XWNKwPinyhwo=
8,-24,YI0R0nKV1+pu75a9s7cHF1cpRTY=,0A8/KevUwZdSj9Ctv/05uv7l1ek=
9,-24,YI0R0nKV1+pu75a9s7cHF1cpRTY=,0A8/KevUwZdSj9Ctv/05uv7l1ek=
7,-24,YI0R0nKV1+pu75a9s7cHF1cpRTY=,gUUDufCiyHTuMorLn4W1xe63m48=
10,-24,YI0R0nKV1+pu75a9s7cHF1cpRTY=,0A8/KevUwZdSj9Ctv/05uv7l1ek=
11,-24,YI0R0nKV1+pu75a9s7cHF1cpRTY=,0A8/KevUwZdSj9Ctv/05uv7l1ek=
3,-28,YI0R0nKV1+pu75a9s7cHF1cpRTY=,FjTQawwgo/KpzMrW4DxuShEoSJM=
11,-20,YI0R0nKV1+pu75a9s7cHF1cpRTY=,/pHlloQX9aN7BjelTLNMKUSSGyM=
14,-20,YI0R0nKV1+pu75a9s7cHF1cpRTY=,ukk8BrLi3YNuTz+XWNKwPinyhwo=
13,-20,YI0R0nKV1+pu75a9s7cHF1cpRTY=,ukk8BrLi3YNuTz+XWNKwPinyhwo=
15,-20,YI0R0nKV1+pu75a9s7cHF1cpRTY=,ukk8BrLi3YNuTz+XWNKwPinyhwo=
12,-18,YI0R0nKV1+pu75a9s7cHF1cpRTY=,ukk8BrLi3YNuTz+XWNKwPinyhwo=
12,-19,YI0R0nKV1+pu75a9s7cHF1cpRTY=,ukk8BrLi3YNuTz+XWNKwPinyhwo=
11,-19,YI0R0nKV1+pu75a9s7cHF1cpRTY=,/pHlloQX9aN7BjelTLNMKUSSGyM=
11,-21,YI0R0nKV1+pu75a9s7cHF1cpRTY=,0A8/KevUwZdSj9Ctv/05uv7l1ek=
11,-18,YI0R0nKV1+pu75a9s7cHF1cpRTY=,/pHlloQX9aN7BjelTLNMKUSSGyM=
13,-19,YI0R0nKV1+pu75a9s7cHF1cpRTY=,ukk8BrLi3YNuTz+XWNKwPinyhwo=
15,-19,YI0R0nKV1+pu75a9s7cHF1cpRTY=,ukk8BrLi3YNuTz+XWNKwPinyhwo=
9,-18,YI0R0nKV1+pu75a9s7cHF1cpRTY=,/pHlloQX9aN7BjelTLNMKUSSGyM=
10,-17,YI0R0nKV1+pu75a9s7cHF1cpRTY=,/pHlloQX9aN7BjelTLNMKUSSGyM=
0,-19,YI0R0nKV1+pu75a9s7cHF1cpRTY=,4lR3YSA1Y++4tr1XpeZzmy/B9cU=
14,-19,YI0R0nKV1+pu75a9s7cHF1cpRTY=,ukk8BrLi3YNuTz+XWNKwPinyhwo=
2,-17,YI0R0nKV1+pu75a9s7cHF1cpRTY=,4lR3YSA1Y++4tr1XpeZzmy/B9cU=
3,-17,YI0R0nKV1+pu75a9s7cHF1cpRTY=,4lR3YSA1Y++4tr1XpeZzmy/B9cU=
3,-18,YI0R0nKV1+pu75a9s7cHF1cpRTY=,4lR3YSA1Y++4tr1XpeZzmy/B9cU=
8,-18,YI0R0nKV1+pu75a9s7cHF1cpRTY=,/pHlloQX9aN7BjelTLNMKUSSGyM=
15,-18,YI0R0nKV1+pu75a9s7cHF1cpRTY=,ukk8BrLi3YNuTz+XWNKwPinyhwo=
15,-17,YI0R0nKV1+pu75a9s7cHF1cpRTY=,ukk8BrLi3YNuTz+XWNKwPinyhwo=
11,-17,YI0R0nKV1+pu75a9s7cHF1cpRTY=,/pHlloQX9aN7BjelTLNMKUSSGyM=
0,-20,YI0R0nKV1+pu75a9s7cHF1cpRTY=,4lR3YSA1Y++4tr1XpeZzmy/B9cU=
2,-20,YI0R0nKV1+pu75a9s7cHF1cpRTY=,4lR3YSA1Y++4tr1XpeZzmy/B9cU=
3,-19,YI0R0nKV1+pu75a9s7cHF1cpRTY=,4lR3YSA1Y++4tr1XpeZzmy/B9cU=
12,-17,YI0R0nKV1+pu75a9s7cHF1cpRTY=,ukk8BrLi3YNuTz+XWNKwPinyhwo=
14,-18,YI0R0nKV1+pu75a9s7cHF1cpRTY=,ukk8BrLi3YNuTz+XWNKwPinyhwo=
7,-17,YI0R0nKV1+pu75a9s7cHF1cpRTY=,wdL4fZZuQQVpzi1mEM31talReAc=
0,-17,YI0R0nKV1+pu75a9s7cHF1cpRTY=,4lR3YSA1Y++4tr1XpeZzmy/B9cU=
13,-18,YI0R0nKV1+pu75a9s7cHF1cpRTY=,ukk8BrLi3YNuTz+XWNKwPinyhwo=
13,-17,YI0R0nKV1+pu75a9s7cHF1cpRTY=,ukk8BrLi3YNuTz+XWNKwPinyhwo=
2,-18,YI0R0nKV1+pu75a9s7cHF1cpRTY=,4lR3YSA1Y++4tr1XpeZzmy/B9cU=
9,-17,YI0R0nKV1+pu75a9s7cHF1cpRTY=,/pHlloQX9aN7BjelTLNMKUSSGyM=
14,-17,YI0R0nKV1+pu75a9s7cHF1cpRTY=,ukk8BrLi3YNuTz+XWNKwPinyhwo=
0,-18,YI0R0nKV1+pu75a9s7cHF1cpRTY=,4lR3YSA1Y++4tr1XpeZzmy/B9cU=
1,-18,YI0R0nKV1+pu75a9s7cHF1cpRTY=,4lR3YSA1Y++4tr1XpeZzmy/B9cU=
1,-17,YI0R0nKV1+pu75a9s7cHF1cpRTY=,4lR3YSA1Y++4tr1XpeZzmy/B9cU=
8,-17,YI0R0nKV1+pu75a9s7cHF1cpRTY=,/pHlloQX9aN7BjelTLNMKUSSGyM=
7,-18,YI0R0nKV1+pu75a9s7cHF1cpRTY=,wdL4fZZuQQVpzi1mEM31talReAc=
6,-18,YI0R0nKV1+pu75a9s7cHF1cpRTY=,wdL4fZZuQQVpzi1mEM31talReAc=
6,-17,YI0R0nKV1+pu75a9s7cHF1cpRTY=,wdL4fZZuQQVpzi1mEM31talReAc=
6,-9,nXCJxNUSGVXWO5bS1gSIdCbUP8I=,b4rVIzwTXgfn9q7TVrB+g2ASzQE=
5,-10,nXCJxNUSGVXWO5bS1gSIdCbUP8I=,b4rVIzwTXgfn9q7TVrB+g2ASzQE=
6,-10,nXCJxNUSGVXWO5bS1gSIdCbUP8I=,b4rVIzwTXgfn9q7TVrB+g2ASzQE=
3,-3,FQo2n0hTy0Qd5GUlX7/VmEmUcy4=,7Sd0yNoQzhcIKoaHWbHac427Pv4=
3,-5,FQo2n0hTy0Qd5GUlX7/VmEmUcy4=,4bbcXXphoVckZ2onlIVI2sjT0p0=
5,-5,FQo2n0hTy0Qd5GUlX7/VmEmUcy4=,qgephzJnTNu/8otjnjVGJ+eNDOA=
2,-5,FQo2n0hTy0Qd5GUlX7/VmEmUcy4=,4bbcXXphoVckZ2onlIVI2sjT0p0=
4,-10,FQo2n0hTy0Qd5GUlX7/VmEmUcy4=,b4rVIzwTXgfn9q7TVrB+g2ASzQE=
3,-4,FQo2n0hTy0Qd5GUlX7/VmEmUcy4=,7Sd0yNoQzhcIKoaHWbHac427Pv4=
3,-6,FQo2n0hTy0Qd5GUlX7/VmEmUcy4=,4bbcXXphoVckZ2onlIVI2sjT0p0=
5,-3,FQo2n0hTy0Qd5GUlX7/VmEmUcy4=,9JdWKBba0B0tGUyoxjSEFtuf0iY=
4,-8,FQo2n0hTy0Qd5GUlX7/VmEmUcy4=,qgephzJnTNu/8otjnjVGJ+eNDOA=
4,-9,FQo2n0hTy0Qd5GUlX7/VmEmUcy4=,b4rVIzwTXgfn9q7TVrB+g2ASzQE=
2,-6,FQo2n0hTy0Qd5GUlX7/VmEmUcy4=,4bbcXXphoVckZ2onlIVI2sjT0p0=
2,-4,FQo2n0hTy0Qd5GUlX7/VmEmUcy4=,7Sd0yNoQzhcIKoaHWbHac427Pv4=
4,-4,FQo2n0hTy0Qd5GUlX7/VmEmUcy4=,9JdWKBba0B0tGUyoxjSEFtuf0iY=
2,-3,FQo2n0hTy0Qd5GUlX7/VmEmUcy4=,7Sd0yNoQzhcIKoaHWbHac427Pv4=
5,-4,FQo2n0hTy0Qd5GUlX7/VmEmUcy4=,9JdWKBba0B0tGUyoxjSEFtuf0iY=
4,-6,FQo2n0hTy0Qd5GUlX7/VmEmUcy4=,qgephzJnTNu/8otjnjVGJ+eNDOA=
4,-3,FQo2n0hTy0Qd5GUlX7/VmEmUcy4=,9JdWKBba0B0tGUyoxjSEFtuf0iY=
5,-8,FQo2n0hTy0Qd5GUlX7/VmEmUcy4=,qgephzJnTNu/8otjnjVGJ+eNDOA=
8,-11,FQo2n0hTy0Qd5GUlX7/VmEmUcy4=,gXpl/G1DVm8jf48LCKRyGobiV18=
9,-11,FQo2n0hTy0Qd5GUlX7/VmEmUcy4=,gXpl/G1DVm8jf48LCKRyGobiV18=
10,-11,FQo2n0hTy0Qd5GUlX7/VmEmUcy4=,gXpl/G1DVm8jf48LCKRyGobiV18=
5,-9,FQo2n0hTy0Qd5GUlX7/VmEmUcy4=,b4rVIzwTXgfn9q7TVrB+g2ASzQE=
8,-10,FQo2n0hTy0Qd5GUlX7/VmEmUcy4=,gXpl/G1DVm8jf48LCKRyGobiV18=
9,-10,FQo2n0hTy0Qd5GUlX7/VmEmUcy4=,gXpl/G1DVm8jf48LCKRyGobiV18=
7,-11,FQo2n0hTy0Qd5GUlX7/VmEmUcy4=,b4rVIzwTXgfn9q7TVrB+g2ASzQE=
10,-10,FQo2n0hTy0Qd5GUlX7/VmEmUcy4=,gXpl/G1DVm8jf48LCKRyGobiV18=
7,-10,FQo2n0hTy0Qd5GUlX7/VmEmUcy4=,b4rVIzwTXgfn9q7TVrB+g2ASzQE=
5,-6,FQo2n0hTy0Qd5GUlX7/VmEmUcy4=,qgephzJnTNu/8otjnjVGJ+eNDOA=
4,-5,FQo2n0hTy0Qd5GUlX7/VmEmUcy4=,qgephzJnTNu/8otjnjVGJ+eNDOA=
2,-8,FQo2n0hTy0Qd5GUlX7/VmEmUcy4=,4bbcXXphoVckZ2onlIVI2sjT0p0=
4,-7,FQo2n0hTy0Qd5GUlX7/VmEmUcy4=,qgephzJnTNu/8otjnjVGJ+eNDOA=
2,-10,FQo2n0hTy0Qd5GUlX7/VmEmUcy4=,cM/vW5sbnFIuHzEwTBMNpgLz7KY=
2,-7,FQo2n0hTy0Qd5GUlX7/VmEmUcy4=,4bbcXXphoVckZ2onlIVI2sjT0p0=
2,-9,FQo2n0hTy0Qd5GUlX7/VmEmUcy4=,cM/vW5sbnFIuHzEwTBMNpgLz7KY=
3,-9,FQo2n0hTy0Qd5GUlX7/VmEmUcy4=,cM/vW5sbnFIuHzEwTBMNpgLz7KY=
3,-7,FQo2n0hTy0Qd5GUlX7/VmEmUcy4=,4bbcXXphoVckZ2onlIVI2sjT0p0=
3,-10,FQo2n0hTy0Qd5GUlX7/VmEmUcy4=,cM/vW5sbnFIuHzEwTBMNpgLz7KY=
5,-7,FQo2n0hTy0Qd5GUlX7/VmEmUcy4=,qgephzJnTNu/8otjnjVGJ+eNDOA=
3,-8,FQo2n0hTy0Qd5GUlX7/VmEmUcy4=,4bbcXXphoVckZ2onlIVI2sjT0p0=
10,-13,FQo2n0hTy0Qd5GUlX7/VmEmUcy4=,EOGTwxZ3jnE/JTO1w6kcobhnyng=
8,-12,FQo2n0hTy0Qd5GUlX7/VmEmUcy4=,gXpl/G1DVm8jf48LCKRyGobiV18=
7,-12,FQo2n0hTy0Qd5GUlX7/VmEmUcy4=,b4rVIzwTXgfn9q7TVrB+g2ASzQE=
9,-12,FQo2n0hTy0Qd5GUlX7/VmEmUcy4=,gXpl/G1DVm8jf48LCKRyGobiV18=
10,-12,FQo2n0hTy0Qd5GUlX7/VmEmUcy4=,gXpl/G1DVm8jf48LCKRyGobiV18=
10,-15,FQo2n0hTy0Qd5GUlX7/VmEmUcy4=,EOGTwxZ3jnE/JTO1w6kcobhnyng=
4,-13,v5HkNcgCmkAWOVjui3vMBHW7X8M=,gRym7KPzRzfZsg1u3L8+VbmpE2w=
3,-13,v5HkNcgCmkAWOVjui3vMBHW7X8M=,Va2sXQBbytOzZr5qBpvAnIMKkD0=
10,-14,v5HkNcgCmkAWOVjui3vMBHW7X8M=,EOGTwxZ3jnE/JTO1w6kcobhnyng=
4,-14,v5HkNcgCmkAWOVjui3vMBHW7X8M=,gRym7KPzRzfZsg1u3L8+VbmpE2w=
9,-13,v5HkNcgCmkAWOVjui3vMBHW7X8M=,EOGTwxZ3jnE/JTO1w6kcobhnyng=
6,-13,v5HkNcgCmkAWOVjui3vMBHW7X8M=,gRym7KPzRzfZsg1u3L8+VbmpE2w=
5,-11,v5HkNcgCmkAWOVjui3vMBHW7X8M=,b4rVIzwTXgfn9q7TVrB+g2ASzQE=
7,-13,v5HkNcgCmkAWOVjui3vMBHW7X8M=,gRym7KPzRzfZsg1u3L8+VbmpE2w=
2,-13,v5HkNcgCmkAWOVjui3vMBHW7X8M=,Va2sXQBbytOzZr5qBpvAnIMKkD0=
11,-12,v5HkNcgCmkAWOVjui3vMBHW7X8M=,gXpl/G1DVm8jf48LCKRyGobiV18=
9,-14,v5HkNcgCmkAWOVjui3vMBHW7X8M=,EOGTwxZ3jnE/JTO1w6kcobhnyng=
3,-12,v5HkNcgCmkAWOVjui3vMBHW7X8M=,cM/vW5sbnFIuHzEwTBMNpgLz7KY=
8,-13,v5HkNcgCmkAWOVjui3vMBHW7X8M=,EOGTwxZ3jnE/JTO1w6kcobhnyng=
2,-12,v5HkNcgCmkAWOVjui3vMBHW7X8M=,cM/vW5sbnFIuHzEwTBMNpgLz7KY=
4,-11,v5HkNcgCmkAWOVjui3vMBHW7X8M=,b4rVIzwTXgfn9q7TVrB+g2ASzQE=
7,-14,v5HkNcgCmkAWOVjui3vMBHW7X8M=,gRym7KPzRzfZsg1u3L8+VbmpE2w=
3,-14,v5HkNcgCmkAWOVjui3vMBHW7X8M=,Va2sXQBbytOzZr5qBpvAnIMKkD0=
11,-13,v5HkNcgCmkAWOVjui3vMBHW7X8M=,EOGTwxZ3jnE/JTO1w6kcobhnyng=
6,-14,v5HkNcgCmkAWOVjui3vMBHW7X8M=,gRym7KPzRzfZsg1u3L8+VbmpE2w=
5,-12,v5HkNcgCmkAWOVjui3vMBHW7X8M=,b4rVIzwTXgfn9q7TVrB+g2ASzQE=
6,-12,v5HkNcgCmkAWOVjui3vMBHW7X8M=,b4rVIzwTXgfn9q7TVrB+g2ASzQE=
6,-11,v5HkNcgCmkAWOVjui3vMBHW7X8M=,b4rVIzwTXgfn9q7TVrB+g2ASzQE=
2,-14,v5HkNcgCmkAWOVjui3vMBHW7X8M=,Va2sXQBbytOzZr5qBpvAnIMKkD0=
5,-13,v5HkNcgCmkAWOVjui3vMBHW7X8M=,gRym7KPzRzfZsg1u3L8+VbmpE2w=
5,-14,v5HkNcgCmkAWOVjui3vMBHW7X8M=,gRym7KPzRzfZsg1u3L8+VbmpE2w=
11,-14,v5HkNcgCmkAWOVjui3vMBHW7X8M=,EOGTwxZ3jnE/JTO1w6kcobhnyng=
8,-14,v5HkNcgCmkAWOVjui3vMBHW7X8M=,EOGTwxZ3jnE/JTO1w6kcobhnyng=
4,-12,v5HkNcgCmkAWOVjui3vMBHW7X8M=,b4rVIzwTXgfn9q7TVrB+g2ASzQE=
11,-10,v5HkNcgCmkAWOVjui3vMBHW7X8M=,gXpl/G1DVm8jf48LCKRyGobiV18=
13,-13,v5HkNcgCmkAWOVjui3vMBHW7X8M=,tZY1HQT8E7Bsk22fwIfPBo11Y04=
12,-11,v5HkNcgCmkAWOVjui3vMBHW7X8M=,7jC3n3rqmSGl82e26+YzlpGhhJ0=
2,-11,v5HkNcgCmkAWOVjui3vMBHW7X8M=,cM/vW5sbnFIuHzEwTBMNpgLz7KY=
13,-11,v5HkNcgCmkAWOVjui3vMBHW7X8M=,7jC3n3rqmSGl82e26+YzlpGhhJ0=
3,-11,v5HkNcgCmkAWOVjui3vMBHW7X8M=,cM/vW5sbnFIuHzEwTBMNpgLz7KY=
13,-12,v5HkNcgCmkAWOVjui3vMBHW7X8M=,7jC3n3rqmSGl82e26+YzlpGhhJ0=
7,-9,v5HkNcgCmkAWOVjui3vMBHW7X8M=,b4rVIzwTXgfn9q7TVrB+g2ASzQE=
7,-8,v5HkNcgCmkAWOVjui3vMBHW7X8M=,qgephzJnTNu/8otjnjVGJ+eNDOA=
10,-9,v5HkNcgCmkAWOVjui3vMBHW7X8M=,gXpl/G1DVm8jf48LCKRyGobiV18=
11,-11,v5HkNcgCmkAWOVjui3vMBHW7X8M=,gXpl/G1DVm8jf48LCKRyGobiV18=
6,-8,v5HkNcgCmkAWOVjui3vMBHW7X8M=,qgephzJnTNu/8otjnjVGJ+eNDOA=
12,-12,v5HkNcgCmkAWOVjui3vMBHW7X8M=,7jC3n3rqmSGl82e26+YzlpGhhJ0=
12,-14,v5HkNcgCmkAWOVjui3vMBHW7X8M=,tZY1HQT8E7Bsk22fwIfPBo11Y04=
6,-7,v5HkNcgCmkAWOVjui3vMBHW7X8M=,qgephzJnTNu/8otjnjVGJ+eNDOA=
8,-8,v5HkNcgCmkAWOVjui3vMBHW7X8M=,9JdWKBba0B0tGUyoxjSEFtuf0iY=
7,-7,v5HkNcgCmkAWOVjui3vMBHW7X8M=,qgephzJnTNu/8otjnjVGJ+eNDOA=
8,-9,v5HkNcgCmkAWOVjui3vMBHW7X8M=,gXpl/G1DVm8jf48LCKRyGobiV18=
9,-7,v5HkNcgCmkAWOVjui3vMBHW7X8M=,9JdWKBba0B0tGUyoxjSEFtuf0iY=
9,-8,v5HkNcgCmkAWOVjui3vMBHW7X8M=,9JdWKBba0B0tGUyoxjSEFtuf0iY=
9,-9,v5HkNcgCmkAWOVjui3vMBHW7X8M=,gXpl/G1DVm8jf48LCKRyGobiV18=
12,-13,v5HkNcgCmkAWOVjui3vMBHW7X8M=,tZY1HQT8E7Bsk22fwIfPBo11Y04=
13,-9,v5HkNcgCmkAWOVjui3vMBHW7X8M=,7jC3n3rqmSGl82e26+YzlpGhhJ0=
8,-7,v5HkNcgCmkAWOVjui3vMBHW7X8M=,9JdWKBba0B0tGUyoxjSEFtuf0iY=
13,-14,oU/ZyVLh896C15+ATIeYIZemkHg=,tZY1HQT8E7Bsk22fwIfPBo11Y04=
12,-9,oU/ZyVLh896C15+ATIeYIZemkHg=,7jC3n3rqmSGl82e26+YzlpGhhJ0=
7,-5,oU/ZyVLh896C15+ATIeYIZemkHg=,qgephzJnTNu/8otjnjVGJ+eNDOA=
11,-9,oU/ZyVLh896C15+ATIeYIZemkHg=,gXpl/G1DVm8jf48LCKRyGobiV18=
12,-10,oU/ZyVLh896C15+ATIeYIZemkHg=,7jC3n3rqmSGl82e26+YzlpGhhJ0=
10,-7,oU/ZyVLh896C15+ATIeYIZemkHg=,9JdWKBba0B0tGUyoxjSEFtuf0iY=
10,-5,oU/ZyVLh896C15+ATIeYIZemkHg=,9JdWKBba0B0tGUyoxjSEFtuf0iY=
7,-3,oU/ZyVLh896C15+ATIeYIZemkHg=,9JdWKBba0B0tGUyoxjSEFtuf0iY=
11,-5,oU/ZyVLh896C15+ATIeYIZemkHg=,9JdWKBba0B0tGUyoxjSEFtuf0iY=
13,-10,oU/ZyVLh896C15+ATIeYIZemkHg=,7jC3n3rqmSGl82e26+YzlpGhhJ0=
11,-7,oU/ZyVLh896C15+ATIeYIZemkHg=,9JdWKBba0B0tGUyoxjSEFtuf0iY=
10,-8,oU/ZyVLh896C15+ATIeYIZemkHg=,9JdWKBba0B0tGUyoxjSEFtuf0iY=
9,-4,oU/ZyVLh896C15+ATIeYIZemkHg=,ZI1UDOYPmx6+kuDADtXJBK7JRl4=
10,-6,oU/ZyVLh896C15+ATIeYIZemkHg=,9JdWKBba0B0tGUyoxjSEFtuf0iY=
11,-8,oU/ZyVLh896C15+ATIeYIZemkHg=,9JdWKBba0B0tGUyoxjSEFtuf0iY=
9,-5,oU/ZyVLh896C15+ATIeYIZemkHg=,9JdWKBba0B0tGUyoxjSEFtuf0iY=
6,-6,oU/ZyVLh896C15+ATIeYIZemkHg=,qgephzJnTNu/8otjnjVGJ+eNDOA=
8,-3,oU/ZyVLh896C15+ATIeYIZemkHg=,ZI1UDOYPmx6+kuDADtXJBK7JRl4=
11,-4,oU/ZyVLh896C15+ATIeYIZemkHg=,ZI1UDOYPmx6+kuDADtXJBK7JRl4=
6,-4,oU/ZyVLh896C15+ATIeYIZemkHg=,9JdWKBba0B0tGUyoxjSEFtuf0iY=
11,-3,oU/ZyVLh896C15+ATIeYIZemkHg=,ZI1UDOYPmx6+kuDADtXJBK7JRl4=
9,-3,oU/ZyVLh896C15+ATIeYIZemkHg=,ZI1UDOYPmx6+kuDADtXJBK7JRl4=
8,-4,oU/ZyVLh896C15+ATIeYIZemkHg=,ZI1UDOYPmx6+kuDADtXJBK7JRl4=
8,-5,oU/ZyVLh896C15+ATIeYIZemkHg=,9JdWKBba0B0tGUyoxjSEFtuf0iY=
11,-6,oU/ZyVLh896C15+ATIeYIZemkHg=,9JdWKBba0B0tGUyoxjSEFtuf0iY=
15,-4,oU/ZyVLh896C15+ATIeYIZemkHg=,/iah48lC3D5Jw3nOsddhfXoe5cM=
11,-2,oU/ZyVLh896C15+ATIeYIZemkHg=,ZI1UDOYPmx6+kuDADtXJBK7JRl4=
12,-2,oU/ZyVLh896C15+ATIeYIZemkHg=,/iah48lC3D5Jw3nOsddhfXoe5cM=
13,-2,oU/ZyVLh896C15+ATIeYIZemkHg=,/iah48lC3D5Jw3nOsddhfXoe5cM=
7,-4,oU/ZyVLh896C15+ATIeYIZemkHg=,9JdWKBba0B0tGUyoxjSEFtuf0iY=
15,-7,oU/ZyVLh896C15+ATIeYIZemkHg=,WuxJWxv7YSDSQzd7BkZClwFQxWA=
15,-6,bRuxJHwJhMd+QoU/s4zqYRdnHGs=,WuxJWxv7YSDSQzd7BkZClwFQxWA=
10,-16,bRuxJHwJhMd+QoU/s4zqYRdnHGs=,EOGTwxZ3jnE/JTO1w6kcobhnyng=
7,-6,bRuxJHwJhMd+QoU/s4zqYRdnHGs=,qgephzJnTNu/8otjnjVGJ+eNDOA=
12,-16,bRuxJHwJhMd+QoU/s4zqYRdnHGs=,tZY1HQT8E7Bsk22fwIfPBo11Y04=
11,-1,bRuxJHwJhMd+QoU/s4zqYRdnHGs=,ZI1UDOYPmx6+kuDADtXJBK7JRl4=
14,-8,bRuxJHwJhMd+QoU/s4zqYRdnHGs=,WuxJWxv7YSDSQzd7BkZClwFQxWA=
15,-5,bRuxJHwJhMd+QoU/s4zqYRdnHGs=,WuxJWxv7YSDSQzd7BkZClwFQxWA=
2,-16,bRuxJHwJhMd+QoU/s4zqYRdnHGs=,Va2sXQBbytOzZr5qBpvAnIMKkD0=
15,-3,bRuxJHwJhMd+QoU/s4zqYRdnHGs=,/iah48lC3D5Jw3nOsddhfXoe5cM=
12,-4,bRuxJHwJhMd+QoU/s4zqYRdnHGs=,/iah48lC3D5Jw3nOsddhfXoe5cM=
13,-1,bRuxJHwJhMd+QoU/s4zqYRdnHGs=,/iah48lC3D5Jw3nOsddhfXoe5cM=
12,-8,bRuxJHwJhMd+QoU/s4zqYRdnHGs=,WuxJWxv7YSDSQzd7BkZClwFQxWA=
12,-1,bRuxJHwJhMd+QoU/s4zqYRdnHGs=,/iah48lC3D5Jw3nOsddhfXoe5cM=
14,-7,bRuxJHwJhMd+QoU/s4zqYRdnHGs=,WuxJWxv7YSDSQzd7BkZClwFQxWA=
12,-3,bRuxJHwJhMd+QoU/s4zqYRdnHGs=,/iah48lC3D5Jw3nOsddhfXoe5cM=
9,-6,bRuxJHwJhMd+QoU/s4zqYRdnHGs=,9JdWKBba0B0tGUyoxjSEFtuf0iY=
3,-15,bRuxJHwJhMd+QoU/s4zqYRdnHGs=,Va2sXQBbytOzZr5qBpvAnIMKkD0=
11,-16,bRuxJHwJhMd+QoU/s4zqYRdnHGs=,EOGTwxZ3jnE/JTO1w6kcobhnyng=
11,-15,bRuxJHwJhMd+QoU/s4zqYRdnHGs=,EOGTwxZ3jnE/JTO1w6kcobhnyng=
10,-4,bRuxJHwJhMd+QoU/s4zqYRdnHGs=,ZI1UDOYPmx6+kuDADtXJBK7JRl4=
0,-15,bRuxJHwJhMd+QoU/s4zqYRdnHGs=,Va2sXQBbytOzZr5qBpvAnIMKkD0=
12,-15,bRuxJHwJhMd+QoU/s4zqYRdnHGs=,tZY1HQT8E7Bsk22fwIfPBo11Y04=
13,-16,bRuxJHwJhMd+QoU/s4zqYRdnHGs=,tZY1HQT8E7Bsk22fwIfPBo11Y04=
2,-15,bRuxJHwJhMd+QoU/s4zqYRdnHGs=,Va2sXQBbytOzZr5qBpvAnIMKkD0=
12,-6,bRuxJHwJhMd+QoU/s4zqYRdnHGs=,WuxJWxv7YSDSQzd7BkZClwFQxWA=
15,-8,bRuxJHwJhMd+QoU/s4zqYRdnHGs=,WuxJWxv7YSDSQzd7BkZClwFQxWA=
10,-3,bRuxJHwJhMd+QoU/s4zqYRdnHGs=,ZI1UDOYPmx6+kuDADtXJBK7JRl4=
13,-3,bRuxJHwJhMd+QoU/s4zqYRdnHGs=,/iah48lC3D5Jw3nOsddhfXoe5cM=
13,-8,bRuxJHwJhMd+QoU/s4zqYRdnHGs=,WuxJWxv7YSDSQzd7BkZClwFQxWA=
0,-16,bRuxJHwJhMd+QoU/s4zqYRdnHGs=,Va2sXQBbytOzZr5qBpvAnIMKkD0=
13,-15,bRuxJHwJhMd+QoU/s4zqYRdnHGs=,tZY1HQT8E7Bsk22fwIfPBo11Y04=
8,-6,bRuxJHwJhMd+QoU/s4zqYRdnHGs=,9JdWKBba0B0tGUyoxjSEFtuf0iY=
15,-11,bRuxJHwJhMd+QoU/s4zqYRdnHGs=,7jC3n3rqmSGl82e26+YzlpGhhJ0=
10,-2,bRuxJHwJhMd+QoU/s4zqYRdnHGs=,ZI1UDOYPmx6+kuDADtXJBK7JRl4=
14,-3,bRuxJHwJhMd+QoU/s4zqYRdnHGs=,/iah48lC3D5Jw3nOsddhfXoe5cM=
10,-1,bRuxJHwJhMd+QoU/s4zqYRdnHGs=,ZI1UDOYPmx6+kuDADtXJBK7JRl4=
3,-16,bRuxJHwJhMd+QoU/s4zqYRdnHGs=,Va2sXQBbytOzZr5qBpvAnIMKkD0=
0,-13,bRuxJHwJhMd+QoU/s4zqYRdnHGs=,Va2sXQBbytOzZr5qBpvAnIMKkD0=
1,-16,bRuxJHwJhMd+QoU/s4zqYRdnHGs=,Va2sXQBbytOzZr5qBpvAnIMKkD0=
13,-4,bRuxJHwJhMd+QoU/s4zqYRdnHGs=,/iah48lC3D5Jw3nOsddhfXoe5cM=
0,-14,bRuxJHwJhMd+QoU/s4zqYRdnHGs=,Va2sXQBbytOzZr5qBpvAnIMKkD0=
15,-14,bRuxJHwJhMd+QoU/s4zqYRdnHGs=,tZY1HQT8E7Bsk22fwIfPBo11Y04=
12,-5,bRuxJHwJhMd+QoU/s4zqYRdnHGs=,WuxJWxv7YSDSQzd7BkZClwFQxWA=
14,-5,bRuxJHwJhMd+QoU/s4zqYRdnHGs=,WuxJWxv7YSDSQzd7BkZClwFQxWA=
15,-9,bRuxJHwJhMd+QoU/s4zqYRdnHGs=,7jC3n3rqmSGl82e26+YzlpGhhJ0=
8,-16,bRuxJHwJhMd+QoU/s4zqYRdnHGs=,EOGTwxZ3jnE/JTO1w6kcobhnyng=
6,-5,bRuxJHwJhMd+QoU/s4zqYRdnHGs=,qgephzJnTNu/8otjnjVGJ+eNDOA=
13,-6,bRuxJHwJhMd+QoU/s4zqYRdnHGs=,WuxJWxv7YSDSQzd7BkZClwFQxWA=
14,-4,bRuxJHwJhMd+QoU/s4zqYRdnHGs=,/iah48lC3D5Jw3nOsddhfXoe5cM=
1,-15,bRuxJHwJhMd+QoU/s4zqYRdnHGs=,Va2sXQBbytOzZr5qBpvAnIMKkD0=
1,-13,bRuxJHwJhMd+QoU/s4zqYRdnHGs=,Va2sXQBbytOzZr5qBpvAnIMKkD0=
13,-7,bRuxJHwJhMd+QoU/s4zqYRdnHGs=,WuxJWxv7YSDSQzd7BkZClwFQxWA=
6,-3,bRuxJHwJhMd+QoU/s4zqYRdnHGs=,9JdWKBba0B0tGUyoxjSEFtuf0iY=
14,-6,bRuxJHwJhMd+QoU/s4zqYRdnHGs=,WuxJWxv7YSDSQzd7BkZClwFQxWA=
15,-13,bRuxJHwJhMd+QoU/s4zqYRdnHGs=,tZY1HQT8E7Bsk22fwIfPBo11Y04=
9,-16,bRuxJHwJhMd+QoU/s4zqYRdnHGs=,EOGTwxZ3jnE/JTO1w6kcobhnyng=
13,-5,bRuxJHwJhMd+QoU/s4zqYRdnHGs=,WuxJWxv7YSDSQzd7BkZClwFQxWA=
1,-14,bRuxJHwJhMd+QoU/s4zqYRdnHGs=,Va2sXQBbytOzZr5qBpvAnIMKkD0=
15,-12,bRuxJHwJhMd+QoU/s4zqYRdnHGs=,7jC3n3rqmSGl82e26+YzlpGhhJ0=
12,-7,bRuxJHwJhMd+QoU/s4zqYRdnHGs=,WuxJWxv7YSDSQzd7BkZClwFQxWA=
0,-8,bRuxJHwJhMd+QoU/s4zqYRdnHGs=,4bbcXXphoVckZ2onlIVI2sjT0p0=
7,-16,bRuxJHwJhMd+QoU/s4zqYRdnHGs=,gRym7KPzRzfZsg1u3L8+VbmpE2w=
4,-15,bRuxJHwJhMd+QoU/s4zqYRdnHGs=,gRym7KPzRzfZsg1u3L8+VbmpE2w=
15,-1,MzyBLHsoDyW3Gpaw2O9Z+xNpTZc=,/iah48lC3D5Jw3nOsddhfXoe5cM=
0,-9,MzyBLHsoDyW3Gpaw2O9Z+xNpTZc=,cM/vW5sbnFIuHzEwTBMNpgLz7KY=
14,-14,MzyBLHsoDyW3Gpaw2O9Z+xNpTZc=,tZY1HQT8E7Bsk22fwIfPBo11Y04=
15,-10,MzyBLHsoDyW3Gpaw2O9Z+xNpTZc=,7jC3n3rqmSGl82e26+YzlpGhhJ0=
15,-2,MzyBLHsoDyW3Gpaw2O9Z+xNpTZc=,/iah48lC3D5Jw3nOsddhfXoe5cM=
0,-6,MzyBLHsoDyW3Gpaw2O9Z+xNpTZc=,4bbcXXphoVckZ2onlIVI2sjT0p0=
5,-16,MzyBLHsoDyW3Gpaw2O9Z+xNpTZc=,gRym7KPzRzfZsg1u3L8+VbmpE2w=
0,-2,MzyBLHsoDyW3Gpaw2O9Z+xNpTZc=,7Sd0yNoQzhcIKoaHWbHac427Pv4=
14,-12,MzyBLHsoDyW3Gpaw2O9Z+xNpTZc=,7jC3n3rqmSGl82e26+YzlpGhhJ0=
0,-1,MzyBLHsoDyW3Gpaw2O9Z+xNpTZc=,7Sd0yNoQzhcIKoaHWbHac427Pv4=
14,-1,MzyBLHsoDyW3Gpaw2O9Z+xNpTZc=,/iah48lC3D5Jw3nOsddhfXoe5cM=
0,-5,MzyBLHsoDyW3Gpaw2O9Z+xNpTZc=,4bbcXXphoVckZ2onlIVI2sjT0p0=
6,-16,MzyBLHsoDyW3Gpaw2O9Z+xNpTZc=,gRym7KPzRzfZsg1u3L8+VbmpE2w=
14,-2,MzyBLHsoDyW3Gpaw2O9Z+xNpTZc=,/iah48lC3D5Jw3nOsddhfXoe5cM=
0,-7,MzyBLHsoDyW3Gpaw2O9Z+xNpTZc=,4bbcXXphoVckZ2onlIVI2sjT0p0=
14,-9,MzyBLHsoDyW3Gpaw2O9Z+xNpTZc=,7jC3n3rqmSGl82e26+YzlpGhhJ0=
1,-5,MzyBLHsoDyW3Gpaw2O9Z+xNpTZc=,4bbcXXphoVckZ2onlIVI2sjT0p0=
0,-3,MzyBLHsoDyW3Gpaw2O9Z+xNpTZc=,7Sd0yNoQzhcIKoaHWbHac427Pv4=
7,-15,MzyBLHsoDyW3Gpaw2O9Z+xNpTZc=,gRym7KPzRzfZsg1u3L8+VbmpE2w=
14,-11,MzyBLHsoDyW3Gpaw2O9Z+xNpTZc=,7jC3n3rqmSGl82e26+YzlpGhhJ0=
9,-15,MzyBLHsoDyW3Gpaw2O9Z+xNpTZc=,EOGTwxZ3jnE/JTO1w6kcobhnyng=
0,-12,MzyBLHsoDyW3Gpaw2O9Z+xNpTZc=,cM/vW5sbnFIuHzEwTBMNpgLz7KY=
0,-4,MzyBLHsoDyW3Gpaw2O9Z+xNpTZc=,7Sd0yNoQzhcIKoaHWbHac427Pv4=
1,-6,MzyBLHsoDyW3Gpaw2O9Z+xNpTZc=,4bbcXXphoVckZ2onlIVI2sjT0p0=
1,-3,MzyBLHsoDyW3Gpaw2O9Z+xNpTZc=,7Sd0yNoQzhcIKoaHWbHac427Pv4=
1,-4,MzyBLHsoDyW3Gpaw2O9Z+xNpTZc=,7Sd0yNoQzhcIKoaHWbHac427Pv4=
14,-13,MzyBLHsoDyW3Gpaw2O9Z+xNpTZc=,tZY1HQT8E7Bsk22fwIfPBo11Y04=
1,-1,MzyBLHsoDyW3Gpaw2O9Z+xNpTZc=,7Sd0yNoQzhcIKoaHWbHac427Pv4=
14,-10,MzyBLHsoDyW3Gpaw2O9Z+xNpTZc=,7jC3n3rqmSGl82e26+YzlpGhhJ0=
1,-2,MzyBLHsoDyW3Gpaw2O9Z+xNpTZc=,7Sd0yNoQzhcIKoaHWbHac427Pv4=
15,-16,MzyBLHsoDyW3Gpaw2O9Z+xNpTZc=,tZY1HQT8E7Bsk22fwIfPBo11Y04=
14,-16,MzyBLHsoDyW3Gpaw2O9Z+xNpTZc=,tZY1HQT8E7Bsk22fwIfPBo11Y04=
0,-11,MzyBLHsoDyW3Gpaw2O9Z+xNpTZc=,cM/vW5sbnFIuHzEwTBMNpgLz7KY=
0,-10,MzyBLHsoDyW3Gpaw2O9Z+xNpTZc=,cM/vW5sbnFIuHzEwTBMNpgLz7KY=
4,-16,MzyBLHsoDyW3Gpaw2O9Z+xNpTZc=,gRym7KPzRzfZsg1u3L8+VbmpE2w=
15,-15,MzyBLHsoDyW3Gpaw2O9Z+xNpTZc=,tZY1HQT8E7Bsk22fwIfPBo11Y04=
1,-9,MzyBLHsoDyW3Gpaw2O9Z+xNpTZc=,cM/vW5sbnFIuHzEwTBMNpgLz7KY=
9,-1,MzyBLHsoDyW3Gpaw2O9Z+xNpTZc=,ZI1UDOYPmx6+kuDADtXJBK7JRl4=
1,-7,MzyBLHsoDyW3Gpaw2O9Z+xNpTZc=,4bbcXXphoVckZ2onlIVI2sjT0p0=
14,-15,MzyBLHsoDyW3Gpaw2O9Z+xNpTZc=,tZY1HQT8E7Bsk22fwIfPBo11Y04=
1,-10,MzyBLHsoDyW3Gpaw2O9Z+xNpTZc=,cM/vW5sbnFIuHzEwTBMNpgLz7KY=
5,-15,MzyBLHsoDyW3Gpaw2O9Z+xNpTZc=,gRym7KPzRzfZsg1u3L8+VbmpE2w=
8,-15,MzyBLHsoDyW3Gpaw2O9Z+xNpTZc=,EOGTwxZ3jnE/JTO1w6kcobhnyng=
1,-8,MzyBLHsoDyW3Gpaw2O9Z+xNpTZc=,4bbcXXphoVckZ2onlIVI2sjT0p0=
1,-11,MzyBLHsoDyW3Gpaw2O9Z+xNpTZc=,cM/vW5sbnFIuHzEwTBMNpgLz7KY=
1,-12,MzyBLHsoDyW3Gpaw2O9Z+xNpTZc=,cM/vW5sbnFIuHzEwTBMNpgLz7KY=
6,-15,MzyBLHsoDyW3Gpaw2O9Z+xNpTZc=,gRym7KPzRzfZsg1u3L8+VbmpE2w=
2,-2,MzyBLHsoDyW3Gpaw2O9Z+xNpTZc=,7Sd0yNoQzhcIKoaHWbHac427Pv4=
3,-2,MzyBLHsoDyW3Gpaw2O9Z+xNpTZc=,7Sd0yNoQzhcIKoaHWbHac427Pv4=
2,-1,MzyBLHsoDyW3Gpaw2O9Z+xNpTZc=,7Sd0yNoQzhcIKoaHWbHac427Pv4=
3,-1,MzyBLHsoDyW3Gpaw2O9Z+xNpTZc=,7Sd0yNoQzhcIKoaHWbHac427Pv4=
7,-2,MzyBLHsoDyW3Gpaw2O9Z+xNpTZc=,9JdWKBba0B0tGUyoxjSEFtuf0iY=
6,-2,MzyBLHsoDyW3Gpaw2O9Z+xNpTZc=,9JdWKBba0B0tGUyoxjSEFtuf0iY=
9,-2,MzyBLHsoDyW3Gpaw2O9Z+xNpTZc=,ZI1UDOYPmx6+kuDADtXJBK7JRl4=
5,-2,MzyBLHsoDyW3Gpaw2O9Z+xNpTZc=,9JdWKBba0B0tGUyoxjSEFtuf0iY=
8,-1,MzyBLHsoDyW3Gpaw2O9Z+xNpTZc=,ZI1UDOYPmx6+kuDADtXJBK7JRl4=
4,-2,MzyBLHsoDyW3Gpaw2O9Z+xNpTZc=,9JdWKBba0B0tGUyoxjSEFtuf0iY=
7,-1,MzyBLHsoDyW3Gpaw2O9Z+xNpTZc=,9JdWKBba0B0tGUyoxjSEFtuf0iY=
5,-1,MzyBLHsoDyW3Gpaw2O9Z+xNpTZc=,9JdWKBba0B0tGUyoxjSEFtuf0iY=
4,-1,MzyBLHsoDyW3Gpaw2O9Z+xNpTZc=,9JdWKBba0B0tGUyoxjSEFtuf0iY=
6,-1,MzyBLHsoDyW3Gpaw2O9Z+xNpTZc=,9JdWKBba0B0tGUyoxjSEFtuf0iY=
8,-2,MzyBLHsoDyW3Gpaw2O9Z+xNpTZc=,ZI1UDOYPmx6+kuDADtXJBK7JRl4=
